Workbook

Sheet Firm_Info
A1: Ticker | B1: Company Name | C1: Role | D1: Pair_ID | E1: Sector | F1: Announcement_Date | G1: Post_Cutoff_Date | H1: First_Dividend_Amount
A2: META | B2: Meta Platforms | C2: Treated | D2: 1 | E2: Communication Services | F2: 45323 | G2: 45323 | H2: 0.5
A3: AMZN | B3: Amazon | C3: Control | D3: 1 | E3: Consumer Discretionary | F3: 45323
A4: GOOGL | B4: Alphabet | C4: Treated | D4: 2 | E4: Communication Services | F4: 45407 | G4: 45407 | H4: 0.2
A5: ADBE | B5: Adobe | C5: Control | D5: 2 | E5: Information Technology | F5: 45407
A6: CRM | B6: Salesforce | C6: Treated | D6: 3 | E6: Information Technology | F6: 45350 | G6: 45350 | H6: 0.4
A7: NOW | B7: ServiceNow | C7: Control | D7: 3 | E7: Information Technology | F7: 45350
A8: BKNG | B8: Booking Holdings | C8: Treated | D8: 4 | E8: Consumer Discretionary | F8: 45344 | G8: 45344 | H8: 8.75
A9: ABNB | B9: Airbnb | C9: Control | D9: 4 | E9: Consumer Discretionary | F9: 45344
A10: TMUS | B10: T-Mobile US | C10: Treated | D10: 5 | E10: Communication Services | F10: 45175 | G10: 45175 | H10: 0.65
A11: CHTR | B11: Charter Communications | C11: Control | D11: 5 | E11: Communication Services | F11: 45175
A12: SPY | B12: S&P 500 ETF | C12: Benchmark

Sheet Raw_Prices
A1: META | H1: AMZN | O1: GOOGL | V1: ADBE | AC1: CRM | AJ1: NOW | AQ1: BKNG | AX1: ABNB | BE1: TMUS | BL1: CHTR | BS1: SPY
A2: Date | B2: Open | C2: High | D2: Low | E2: Close | F2: Volume | H2: Date | I2: Open | J2: High | K2: Low | L2: Close | M2: Volume | O2: Date | P2: Open | Q2: High | R2: Low | S2: Close | T2: Volume | V2: Date | W2: Open | X2: High | Y2: Low | Z2: Close | AA2: Volume | AC2: Date | AD2: Open | AE2: High | AF2: Low | AG2: Close | AH2: Volume | AJ2: Date | AK2: Open | AL2: High | AM2: Low | AN2: Close | AO2: Volume | AQ2: Date | AR2: Open | AS2: High | AT2: Low | AU2: Close | AV2: Volume | AX2: Date | AY2: Open | AZ2: High | BA2: Low | BB2: Close | BC2: Volume | BE2: Date | BF2: Open | BG2: High | BH2: Low | BI2: Close | BJ2: Volume | BL2: Date | BM2: Open | BN2: High | BO2: Low | BP2: Close | BQ2: Volume | BS2: Date | BT2: Open | BU2: High | BV2: Low | BW2: Close | BX2: Volume
A3: 44929 | B3: 122.82 | C3: 126.37 | D3: 122.28 | E3: 124.74 | F3: 35528531 | H3: 44929 | I3: 85.46 | J3: 86.96 | K3: 84.205 | L3: 85.82 | M3: 76706040 | O3: 44929 | P3: 89.2614 | Q3: 90.7211 | R3: 88.2002 | S3: 88.798 | T3: 28233202 | V3: 44929 | W3: 340.16 | X3: 345.82 | Y3: 331.92 | Z3: 336.92 | AA3: 2229104 | AC3: 44929 | AD3: 135.19 | AE3: 136.95 | AF3: 133.03 | AG3: 134.78 | AH3: 8196354 | AJ3: 44929 | AK3: 79.016 | AL3: 79.73 | AM3: 76.13 | AN3: 77.1 | AO3: 5440380 | AQ3: 44929 | AR3: 80.0576 | AS3: 80.457 | AT3: 78.7516 | AU3: 79.7977 | AV3: 6799665 | AX3: 44929 | AY3: 87.385 | AZ3: 88.14 | BA3: 84.3 | BB3: 84.9 | BC3: 3901185 | BE3: 44929 | BF3: 139 | BG3: 140.09 | BH3: 136.26 | BI3: 139.04 | BJ3: 8245426 | BL3: 44929 | BM3: 342.06 | BN3: 345.53 | BO3: 337.18 | BP3: 341.58 | BQ3: 1524126 | BS3: 44929 | BT3: 372.699 | BU3: 374.698 | BV3: 366.359 | BW3: 369.257 | BX3: 77194556
A4: 44930 | B4: 127.38 | C4: 129.0498 | D4: 125.85 | E4: 127.37 | F4: 32397094 | H4: 44930 | I4: 86.55 | J4: 86.98 | K4: 83.36 | L4: 85.14 | M4: 68885123 | O4: 44930 | P4: 90.0236 | Q4: 90.3226 | R4: 86.9558 | S4: 87.7618 | T4: 34981128 | V4: 44930 | W4: 342.89 | X4: 345.6292 | Y4: 336.73 | Z4: 341.41 | AA4: 2186849 | AC4: 44930 | AD4: 141.22 | AE4: 141.85 | AF4: 137.615 | AG4: 139.59 | AH4: 14322576 | AJ4: 44930 | AK4: 78.19 | AL4: 79.412 | AM4: 76.948 | AN4: 78.77 | AO4: 7025085 | AQ4: 44930 | AR4: 81.2357 | AS4: 82.9933 | AT4: 80.7623 | AU4: 82.8694 | AV4: 9375602 | AX4: 44930 | AY4: 85.89 | AZ4: 88.84 | BA4: 84.79 | BB4: 88.72 | BC4: 4817088 | BE4: 44930 | BF4: 140.5 | BG4: 140.98 | BH4: 137.36 | BI4: 139.96 | BJ4: 6900798 | BL4: 44930 | BM4: 347.01 | BN4: 355.9257 | BO4: 345.21 | BP4: 354 | BQ4: 1643217 | BS4: 44930 | BT4: 371.546 | BU4: 374.164 | BV4: 368.462 | BW4: 372.108 | BX4: 88624980
A5: 44931 | B5: 126.125 | C5: 128.52 | D5: 124.54 | E5: 126.94 | F5: 25447099 | H5: 44931 | I5: 85.33 | J5: 85.42 | K5: 83.07 | L5: 83.12 | M5: 67930825 | O5: 44931 | P5: 87.154 | Q5: 87.2537 | R5: 85.5897 | S5: 85.8887 | T5: 27292957 | V5: 44931 | W5: 337.53 | X5: 337.55 | Y5: 328.16 | Z5: 328.44 | AA5: 2081625 | AC5: 44931 | AD5: 137.64 | AE5: 138.59 | AF5: 134.24 | AG5: 136.34 | AH5: 8493489 | AJ5: 44931 | AK5: 77.69 | AL5: 77.94 | AM5: 73.05 | AN5: 73.264 | AO5: 8950220 | AQ5: 44931 | AR5: 81.89 | AS5: 84.5591 | AT5: 81.89 | AU5: 84.2242 | AV5: 9576995 | AX5: 44931 | AY5: 88.48 | AZ5: 88.5 | BA5: 86.75 | BB5: 87.71 | BC5: 3419036 | BE5: 44931 | BF5: 140.63 | BG5: 145.1199 | BH5: 140.16 | BI5: 144.48 | BJ5: 9254901 | BL5: 44931 | BM5: 362.4 | BN5: 365.88 | BO5: 355.37 | BP5: 361.43 | BQ5: 1490586 | BS5: 44931 | BT5: 370.13 | BU5: 370.246 | BV5: 367.26 | BW5: 367.861 | BX5: 79380657
A6: 44932 | B6: 128.97 | C6: 130.33 | D6: 126.04 | E6: 130.02 | F6: 27584498 | H6: 44932 | I6: 83.03 | J6: 86.4 | K6: 81.43 | L6: 86.08 | M6: 83303361 | O6: 44932 | P6: 86.4765 | Q6: 87.3733 | R6: 84.5535 | S6: 87.0246 | T6: 41531507 | V6: 44932 | W6: 332.28 | X6: 334.88 | Y6: 322.44 | Z6: 332.75 | AA6: 2216579 | AC6: 44932 | AD6: 137.58 | AE6: 141.65 | AF6: 135.55 | AG6: 140.51 | AH6: 9145711 | AJ6: 44932 | AK6: 74.318 | AL6: 74.318 | AM6: 70.724 | AN6: 73.306 | AO6: 13383640 | AQ6: 44932 | AR6: 85.0166 | AS6: 86.0408 | AT6: 84.4685 | AU6: 85.5716 | AV6: 8923766 | AX6: 44932 | AY6: 88.52 | AZ6: 88.74 | BA6: 85.71 | BB6: 88.52 | BC6: 4348374 | BE6: 44932 | BF6: 145.79 | BG6: 149.47 | BH6: 145.79 | BI6: 148.57 | BJ6: 6539579 | BL6: 44932 | BM6: 367.07 | BN6: 370.29 | BO6: 360.79 | BP6: 367.73 | BQ6: 1086004 | BS6: 44932 | BT6: 370.993 | BU6: 377.431 | BV6: 367.893 | BW6: 376.297 | BX6: 107452126
A7: 44935 | B7: 131.16 | C7: 132.95 | D7: 129.28 | E7: 129.47 | F7: 26649145 | H7: 44935 | I7: 87.46 | J7: 89.48 | K7: 87.08 | L7: 87.36 | M7: 65266056 | O7: 44935 | P7: 88.0408 | Q7: 89.7248 | R7: 87.5427 | S7: 87.7021 | T7: 29109043 | V7: 44935 | W7: 338.9 | X7: 349.455 | Y7: 338.42 | Z7: 341.98 | AA7: 3133817 | AC7: 44935 | AD7: 142.59 | AE7: 149.2 | AF7: 142.59 | AG7: 147.1 | AH7: 13679737 | AJ7: 44935 | AK7: 74.776 | AL7: 78.598 | AM7: 74.638 | AN7: 75.712 | AO7: 10439070 | AQ7: 44935 | AR7: 86.19 | AS7: 87.2705 | AT7: 85.794 | AU7: 86.7165 | AV7: 6917985 | AX7: 44935 | AY7: 90.255 | AZ7: 92.05 | BA7: 88.88 | BB7: 89.24 | BC7: 4319380 | BE7: 44935 | BF7: 148.02 | BG7: 150.23 | BH7: 147.75 | BI7: 148.77 | BJ7: 4977094 | BL7: 44935 | BM7: 365 | BN7: 369.08 | BO7: 363.54 | BP7: 367.18 | BQ7: 1073518 | BS7: 44935 | BT7: 378.517 | BU7: 381.747 | BV7: 375.899 | BW7: 376.084 | BX7: 76294570
A8: 44936 | B8: 127.27 | C8: 133.44 | D8: 127.15 | E8: 132.99 | F8: 28684431 | H8: 44936 | I8: 87.57 | J8: 90.185 | K8: 87.29 | L8: 89.87 | M8: 67756601 | O8: 44936 | P8: 85.6694 | Q8: 88.3496 | R8: 85.52 | S8: 88.1006 | T8: 30578203 | V8: 44936 | W8: 337.65 | X8: 344.63 | Y8: 336.8 | Z8: 338.7 | AA8: 1670248 | AC8: 44936 | AD8: 145.81 | AE8: 149.28 | AF8: 145.6039 | AG8: 147.44 | AH8: 6527711 | AJ8: 44936 | AK8: 74.874 | AL8: 76.754 | AM8: 74.874 | AN8: 76.168 | AO8: 5322775 | AQ8: 44936 | AR8: 86.4082 | AS8: 87.2093 | AT8: 85.5746 | AU8: 87.2089 | AV8: 5518623 | AX8: 44936 | AY8: 88.86 | AZ8: 89.62 | BA8: 86.75 | BB8: 88.54 | BC8: 4165610 | BE8: 44936 | BF8: 148.97 | BG8: 149.9 | BH8: 147.74 | BI8: 149.56 | BJ8: 3779510 | BL8: 44936 | BM8: 367.18 | BN8: 374.64 | BO8: 366.69 | BP8: 374.64 | BQ8: 1115036 | BS8: 44936 | BT8: 375.492 | BU8: 378.789 | BV8: 374.542 | BW8: 378.721 | BX8: 67404673
A9: 44937 | B9: 130.96 | C9: 133.8494 | D9: 130.34 | E9: 132.89 | F9: 25423046 | H9: 44937 | I9: 90.93 | J9: 95.26 | K9: 90.93 | L9: 95.09 | M9: 103126183 | O9: 44937 | P9: 88.858 | Q9: 91.2692 | R9: 88.6886 | S9: 91.1895 | T9: 26959346 | V9: 44937 | W9: 337.39 | X9: 343.19 | Y9: 333.47 | Z9: 342.93 | AA9: 2344403 | AC9: 44937 | AD9: 145.28 | AE9: 147.04 | AF9: 143.56 | AG9: 144.9 | AH9: 13595042 | AJ9: 44937 | AK9: 76.964 | AL9: 78.784 | AM9: 76.642 | AN9: 78.756 | AO9: 6292020 | AQ9: 44937 | AR9: 87.3032 | AS9: 88.2032 | AT9: 86.9949 | AU9: 87.3605 | AV9: 7385355 | AX9: 44937 | AY9: 89 | AZ9: 94.83 | BA9: 88.864 | BB9: 94.44 | BC9: 7718901 | BE9: 44937 | BF9: 149.5 | BG9: 149.845 | BH9: 148.1223 | BI9: 148.8 | BJ9: 4451508 | BL9: 44937 | BM9: 377.3 | BN9: 379.685 | BO9: 372.22 | BP9: 378.43 | BQ9: 848692 | BS9: 44937 | BT9: 380.32 | BU9: 383.588 | BV9: 379.497 | BW9: 383.51 | BX9: 71037975
A10: 44938 | B10: 133.44 | C10: 137.6781 | D10: 131.76 | E10: 136.71 | F10: 30757732 | H10: 44938 | I10: 96.93 | J10: 97.19 | K10: 93.5 | L10: 95.27 | M10: 85254781 | O10: 44938 | P10: 91.1495 | Q10: 91.5382 | R10: 89.4258 | S10: 90.8008 | T10: 30367823 | V10: 44938 | W10: 344.165 | X10: 346.44 | Y10: 337.37 | Z10: 344.54 | AA10: 2121831 | AC10: 44938 | AD10: 147.84 | AE10: 149.82 | AF10: 143.94 | AG10: 149.6 | AH10: 11678023 | AJ10: 44938 | AK10: 81.966 | AL10: 84.168 | AM10: 79.169 | AN10: 82.652 | AO10: 11570055 | AQ10: 44938 | AR10: 87.3886 | AS10: 89.0431 | AT10: 86.9616 | AU10: 88.6155 | AV10: 7438810 | AX10: 44938 | AY10: 95.31 | AZ10: 98.95 | BA10: 94.02 | BB10: 98.49 | BC10: 7695221 | BE10: 44938 | BF10: 147.77 | BG10: 150.09 | BH10: 146.55 | BI10: 149.91 | BJ10: 4269378 | BL10: 44938 | BM10: 380.61 | BN10: 388.57 | BO10: 377.755 | BP10: 385.47 | BQ10: 1207742 | BS10: 44938 | BT10: 384.626 | BU10: 386.388 | BV10: 380.507 | BW10: 384.907 | BX10: 92980836
A11: 44939 | B11: 134.97 | C11: 137.39 | D11: 134.835 | E11: 136.98 | F11: 22423839 | H11: 44939 | I11: 94.18 | J11: 98.37 | K11: 94.12 | L11: 98.12 | M11: 85549432 | O11: 44939 | P11: 90.5219 | Q11: 91.857 | R11: 89.8044 | S11: 91.7873 | T11: 26424658 | V11: 44939 | W11: 340.25 | X11: 344.65 | Y11: 335.5 | Z11: 344.38 | AA11: 2582132 | AC11: 44939 | AD11: 146.2 | AE11: 149.96 | AF11: 146.0942 | AG11: 149.51 | AH11: 8378111 | AJ11: 44939 | AK11: 81.734 | AL11: 83.47 | AM11: 81.6111 | AN11: 82.978 | AO11: 5590965 | AQ11: 44939 | AR11: 87.3032 | AS11: 90.392 | AT11: 87.2564 | AU11: 90.3656 | AV11: 7402189 | AX11: 44939 | AY11: 97.5 | AZ11: 100.6999 | BA11: 97.42 | BB11: 100.37 | BC11: 6528993 | BE11: 44939 | BF11: 149.91 | BG11: 150.5683 | BH11: 148.26 | BI11: 149.68 | BJ11: 6543839 | BL11: 44939 | BM11: 383.97 | BN11: 389.96 | BO11: 383.67 | BP11: 388.47 | BQ11: 780923 | BS11: 44939 | BT11: 381.668 | BU11: 386.982 | BV11: 381.398 | BW11: 386.401 | BX11: 65904976
A12: 44943 | B12: 136.176 | C12: 136.75 | D12: 134.25 | E12: 135.36 | F12: 21147587 | H12: 44943 | I12: 98.68 | J12: 98.89 | K12: 95.73 | L12: 96.05 | M12: 72755001 | O12: 44943 | P12: 91.7275 | Q12: 91.9168 | R12: 89.7248 | S12: 90.9603 | T12: 32720610 | V12: 44943 | W12: 344.38 | X12: 350.786 | Y12: 341.97 | Z12: 344.38 | AA12: 2512729 | AC12: 44943 | AD12: 149.6 | AE12: 150.49 | AF12: 146.1001 | AG12: 148.47 | AH12: 9407610 | AJ12: 44943 | AK12: 83 | AL12: 83.884 | AM12: 81.59 | AN12: 83.648 | AO12: 6743650 | AQ12: 44943 | AR12: 90.2308 | AS12: 91.7395 | AT12: 90.2308 | AU12: 91.6487 | AV12: 8763095 | AX12: 44943 | AY12: 99.915 | AZ12: 102.735 | BA12: 99.1 | BB12: 101.27 | BC12: 5496249 | BE12: 44943 | BF12: 149.18 | BG12: 149.18 | BH12: 146.635 | BI12: 146.98 | BJ12: 5481985 | BL12: 44943 | BM12: 385.89 | BN12: 390.98 | BO12: 383.77 | BP12: 388.35 | BQ12: 907955 | BS12: 44943 | BT12: 386.383 | BU12: 388.078 | BV12: 385.005 | BW12: 385.691 | BX12: 64639915
A13: 44944 | B13: 135.81 | C13: 137.25 | D13: 132.8 | E13: 133.02 | F13: 20215486 | H13: 44944 | I13: 97.25 | J13: 99.32 | K13: 95.38 | L13: 95.46 | M13: 79570370 | O13: 44944 | P13: 91.8072 | Q13: 92.4647 | R13: 90.3126 | S13: 90.7908 | T13: 29222241 | V13: 44944 | W13: 345.01 | X13: 349.24 | Y13: 338.4 | Z13: 341.31 | AA13: 2080033 | AC13: 44944 | AD13: 148.86 | AE13: 149.54 | AF13: 145.29 | AG13: 145.45 | AH13: 7812580 | AJ13: 44944 | AK13: 84.158 | AL13: 86.3 | AM13: 82.928 | AN13: 83.24 | AO13: 8633290 | AQ13: 44944 | AR13: 92.6689 | AS13: 93.2469 | AT13: 90.0553 | AU13: 90.1736 | AV13: 7820459 | AX13: 44944 | AY13: 101.41 | AZ13: 103.8001 | BA13: 100.32 | BB13: 101.11 | BC13: 6062224 | BE13: 44944 | BF13: 146.13 | BG13: 147.74 | BH13: 145.5 | BI13: 145.9 | BJ13: 4543391 | BL13: 44944 | BM13: 386.3 | BN13: 390.975 | BO13: 381.25 | BP13: 381.86 | BQ13: 1166218 | BS13: 44944 | BT13: 386.895 | BU13: 387.972 | BV13: 379.399 | BW13: 379.603 | BX13: 102752079
A14: 44945 | B14: 132.49 | C14: 137.45 | D14: 132.14 | E14: 136.15 | F14: 28625232 | H14: 44945 | I14: 94.74 | J14: 95.44 | K14: 92.86 | L14: 93.68 | M14: 69002663 | O14: 44945 | P14: 90.3923 | Q14: 93.2669 | R14: 90.3026 | S14: 92.7138 | T14: 37134525 | V14: 44945 | W14: 340.56 | X14: 346.73 | Y14: 340.01 | Z14: 342.53 | AA14: 2466965 | AC14: 44945 | AD14: 143.52 | AE14: 146.68 | AF14: 143.16 | AG14: 146.41 | AH14: 7070135 | AJ14: 44945 | AK14: 83.204 | AL14: 86.8532 | AM14: 83.06 | AN14: 85.686 | AO14: 13394475 | AQ14: 44945 | AR14: 89.1348 | AS14: 91.1901 | AT14: 89.0707 | AU14: 90.9176 | AV14: 7239124 | AX14: 44945 | AY14: 99.84 | AZ14: 100.52 | BA14: 97.57 | BB14: 99.1 | BC14: 4996747 | BE14: 44945 | BF14: 145.18 | BG14: 145.67 | BH14: 143.66 | BI14: 145.14 | BJ14: 5345710 | BL14: 44945 | BM14: 379.09 | BN14: 385.01 | BO14: 373.85 | BP14: 384.2 | BQ14: 1317287 | BS14: 44945 | BT14: 377.538 | BU14: 379.207 | BV14: 375.502 | BW14: 376.84 | BX14: 89681892
... A626: 45838 | B626: 744.55 | C626: 747.9 | D626: 734.25 | E626: 738.09 | F626: 15402105 | H626: 45838 | I626: 223.52 | J626: 223.82 | K626: 219.12 | L626: 219.39 | M626: 58887780 | O626: 45838 | P626: 180.78 | Q626: 181.23 | R626: 174.58 | S626: 176.23 | T626: 63378856 | V626: 45838 | W626: 387.3 | X626: 390.98 | Y626: 384.63 | Z626: 386.88 | AA626: 4645498 | AC626: 45838 | AD626: 274.46 | AE626: 276.38 | AF626: 270.4 | AG626: 272.69 | AH626: 8541909 | AJ626: 45838 | AK626: 205.298 | AL626: 207.274 | AM626: 203.689 | AN626: 205.616 | AO626: 5046545 | AQ626: 45838 | AR626: 226.82 | AS626: 230.593 | AT626: 226.32 | AU626: 230.206 | AV626: 7236536 | AX626: 45838 | AY626: 135.06 | AZ626: 135.06 | BA626: 131.945 | BB626: 132.34 | BC626: 3666177 | BE626: 45838 | BF626: 234.49 | BG626: 238.62 | BH626: 234.2303 | BI626: 238.26 | BJ626: 5118676 | BL626: 45838 | BM626: 402.5 | BN626: 410.38 | BO626: 402.25 | BP626: 408.81 | BQ626: 1281858 | BS626: 45838 | BT626: 617.38 | BU626: 619.22 | BV626: 615.04 | BW626: 617.85 | BX626: 92502541

Sheet Panel_Data
A1: Ticker | B1: Date | C1: Close | D1: Return | E1: Treat | F1: Pair_ID | G1: Post | H1: Treat_x_Post | I1: RelTD
A2: META | B2: =Raw_Prices!A3 -> 44929 | C2: =Raw_Prices!E3 -> 124.74 | E2: =IF(_xlfn.XLOOKUP($A2,Firm_Info!$A$2:$A$12,Firm_Info!$C$2:$C$12)="Treated",1,IF(_xlfn.XLOOKUP($A2,Firm_Info!$A$2:$A$12,Firm_Info!$C$2:$C$12)="Control",0,"")) -> 1 | F2: =IFERROR(_xlfn.XLOOKUP($A2,Firm_Info!$A$2:$A$11,Firm_Info!$D$2:$D$11),"") -> 1 | G2: =IF($F2="","",IF($B2>=SUMIFS(Firm_Info!$F$2:$F$11,Firm_Info!$D$2:$D$11,$F2,Firm_Info!$C$2:$C$11,"Treated"),1,0)) -> 0 | H2: =IF($F2="","",$E2*$G2) -> 0 | I2: =IF($F2="","",MOD(ROW()-2,624)-INDEX(Parallel_Trends!$F$5:$F$14,MATCH($A2,Parallel_Trends!$A$5:$A$14,0))) -> -271
A3: META | B3: =Raw_Prices!A4 -> 44930 | C3: =Raw_Prices!E4 -> 127.37 | D3: =C3/C2-1 -> 0.021083854 | E3: =IF(_xlfn.XLOOKUP($A3,Firm_Info!$A$2:$A$12,Firm_Info!$C$2:$C$12)="Treated",1,IF(_xlfn.XLOOKUP($A3,Firm_Info!$A$2:$A$12,Firm_Info!$C$2:$C$12)="Control",0,"")) -> 1 | F3: =IFERROR(_xlfn.XLOOKUP($A3,Firm_Info!$A$2:$A$11,Firm_Info!$D$2:$D$11),"") -> 1 | G3: =IF($F3="","",IF($B3>=SUMIFS(Firm_Info!$F$2:$F$11,Firm_Info!$D$2:$D$11,$F3,Firm_Info!$C$2:$C$11,"Treated"),1,0)) -> 0 | H3: =IF($F3="","",$E3*$G3) -> 0 | I3: =IF($F3="","",MOD(ROW()-2,624)-INDEX(Parallel_Trends!$F$5:$F$14,MATCH($A3,Parallel_Trends!$A$5:$A$14,0))) -> -270
A4: META | B4: =Raw_Prices!A5 -> 44931 | C4: =Raw_Prices!E5 -> 126.94 | D4: =C4/C3-1 -> -0.0033759912 | E4: =IF(_xlfn.XLOOKUP($A4,Firm_Info!$A$2:$A$12,Firm_Info!$C$2:$C$12)="Treated",1,IF(_xlfn.XLOOKUP($A4,Firm_Info!$A$2:$A$12,Firm_Info!$C$2:$C$12)="Control",0,"")) -> 1 | F4: =IFERROR(_xlfn.XLOOKUP($A4,Firm_Info!$A$2:$A$11,Firm_Info!$D$2:$D$11),"") -> 1 | G4: =IF($F4="","",IF($B4>=SUMIFS(Firm_Info!$F$2:$F$11,Firm_Info!$D$2:$D$11,$F4,Firm_Info!$C$2:$C$11,"Treated"),1,0)) -> 0 | H4: =IF($F4="","",$E4*$G4) -> 0 | I4: =IF($F4="","",MOD(ROW()-2,624)-INDEX(Parallel_Trends!$F$5:$F$14,MATCH($A4,Parallel_Trends!$A$5:$A$14,0))) -> -269
A5: META | B5: =Raw_Prices!A6 -> 44932 | C5: =Raw_Prices!E6 -> 130.02 | D5: =C5/C4-1 -> 0.024263432 | E5: =IF(_xlfn.XLOOKUP($A5,Firm_Info!$A$2:$A$12,Firm_Info!$C$2:$C$12)="Treated",1,IF(_xlfn.XLOOKUP($A5,Firm_Info!$A$2:$A$12,Firm_Info!$C$2:$C$12)="Control",0,"")) -> 1 | F5: =IFERROR(_xlfn.XLOOKUP($A5,Firm_Info!$A$2:$A$11,Firm_Info!$D$2:$D$11),"") -> 1 | G5: =IF($F5="","",IF($B5>=SUMIFS(Firm_Info!$F$2:$F$11,Firm_Info!$D$2:$D$11,$F5,Firm_Info!$C$2:$C$11,"Treated"),1,0)) -> 0 | H5: =IF($F5="","",$E5*$G5) -> 0 | I5: =IF($F5="","",MOD(ROW()-2,624)-INDEX(Parallel_Trends!$F$5:$F$14,MATCH($A5,Parallel_Trends!$A$5:$A$14,0))) -> -268
A6: META | B6: =Raw_Prices!A7 -> 44935 | C6: =Raw_Prices!E7 -> 129.47 | D6: =C6/C5-1 -> -0.0042301184 | E6: =IF(_xlfn.XLOOKUP($A6,Firm_Info!$A$2:$A$12,Firm_Info!$C$2:$C$12)="Treated",1,IF(_xlfn.XLOOKUP($A6,Firm_Info!$A$2:$A$12,Firm_Info!$C$2:$C$12)="Control",0,"")) -> 1 | F6: =IFERROR(_xlfn.XLOOKUP($A6,Firm_Info!$A$2:$A$11,Firm_Info!$D$2:$D$11),"") -> 1 | G6: =IF($F6="","",IF($B6>=SUMIFS(Firm_Info!$F$2:$F$11,Firm_Info!$D$2:$D$11,$F6,Firm_Info!$C$2:$C$11,"Treated"),1,0)) -> 0 | H6: =IF($F6="","",$E6*$G6) -> 0 | I6: =IF($F6="","",MOD(ROW()-2,624)-INDEX(Parallel_Trends!$F$5:$F$14,MATCH($A6,Parallel_Trends!$A$5:$A$14,0))) -> -267
A7: META | B7: =Raw_Prices!A8 -> 44936 | C7: =Raw_Prices!E8 -> 132.99 | D7: =C7/C6-1 -> 0.027187766 | E7: =IF(_xlfn.XLOOKUP($A7,Firm_Info!$A$2:$A$12,Firm_Info!$C$2:$C$12)="Treated",1,IF(_xlfn.XLOOKUP($A7,Firm_Info!$A$2:$A$12,Firm_Info!$C$2:$C$12)="Control",0,"")) -> 1 | F7: =IFERROR(_xlfn.XLOOKUP($A7,Firm_Info!$A$2:$A$11,Firm_Info!$D$2:$D$11),"") -> 1 | G7: =IF($F7="","",IF($B7>=SUMIFS(Firm_Info!$F$2:$F$11,Firm_Info!$D$2:$D$11,$F7,Firm_Info!$C$2:$C$11,"Treated"),1,0)) -> 0 | H7: =IF($F7="","",$E7*$G7) -> 0 | I7: =IF($F7="","",MOD(ROW()-2,624)-INDEX(Parallel_Trends!$F$5:$F$14,MATCH($A7,Parallel_Trends!$A$5:$A$14,0))) -> -266
A8: META | B8: =Raw_Prices!A9 -> 44937 | C8: =Raw_Prices!E9 -> 132.89 | D8: =C8/C7-1 -> -0.00075193624 | E8: =IF(_xlfn.XLOOKUP($A8,Firm_Info!$A$2:$A$12,Firm_Info!$C$2:$C$12)="Treated",1,IF(_xlfn.XLOOKUP($A8,Firm_Info!$A$2:$A$12,Firm_Info!$C$2:$C$12)="Control",0,"")) -> 1 | F8: =IFERROR(_xlfn.XLOOKUP($A8,Firm_Info!$A$2:$A$11,Firm_Info!$D$2:$D$11),"") -> 1 | G8: =IF($F8="","",IF($B8>=SUMIFS(Firm_Info!$F$2:$F$11,Firm_Info!$D$2:$D$11,$F8,Firm_Info!$C$2:$C$11,"Treated"),1,0)) -> 0 | H8: =IF($F8="","",$E8*$G8) -> 0 | I8: =IF($F8="","",MOD(ROW()-2,624)-INDEX(Parallel_Trends!$F$5:$F$14,MATCH($A8,Parallel_Trends!$A$5:$A$14,0))) -> -265
A9: META | B9: =Raw_Prices!A10 -> 44938 | C9: =Raw_Prices!E10 -> 136.71 | D9: =C9/C8-1 -> 0.028745579 | E9: =IF(_xlfn.XLOOKUP($A9,Firm_Info!$A$2:$A$12,Firm_Info!$C$2:$C$12)="Treated",1,IF(_xlfn.XLOOKUP($A9,Firm_Info!$A$2:$A$12,Firm_Info!$C$2:$C$12)="Control",0,"")) -> 1 | F9: =IFERROR(_xlfn.XLOOKUP($A9,Firm_Info!$A$2:$A$11,Firm_Info!$D$2:$D$11),"") -> 1 | G9: =IF($F9="","",IF($B9>=SUMIFS(Firm_Info!$F$2:$F$11,Firm_Info!$D$2:$D$11,$F9,Firm_Info!$C$2:$C$11,"Treated"),1,0)) -> 0 | H9: =IF($F9="","",$E9*$G9) -> 0 | I9: =IF($F9="","",MOD(ROW()-2,624)-INDEX(Parallel_Trends!$F$5:$F$14,MATCH($A9,Parallel_Trends!$A$5:$A$14,0))) -> -264
A10: META | B10: =Raw_Prices!A11 -> 44939 | C10: =Raw_Prices!E11 -> 136.98 | D10: =C10/C9-1 -> 0.0019749835 | E10: =IF(_xlfn.XLOOKUP($A10,Firm_Info!$A$2:$A$12,Firm_Info!$C$2:$C$12)="Treated",1,IF(_xlfn.XLOOKUP($A10,Firm_Info!$A$2:$A$12,Firm_Info!$C$2:$C$12)="Control",0,"")) -> 1 | F10: =IFERROR(_xlfn.XLOOKUP($A10,Firm_Info!$A$2:$A$11,Firm_Info!$D$2:$D$11),"") -> 1 | G10: =IF($F10="","",IF($B10>=SUMIFS(Firm_Info!$F$2:$F$11,Firm_Info!$D$2:$D$11,$F10,Firm_Info!$C$2:$C$11,"Treated"),1,0)) -> 0 | H10: =IF($F10="","",$E10*$G10) -> 0 | I10: =IF($F10="","",MOD(ROW()-2,624)-INDEX(Parallel_Trends!$F$5:$F$14,MATCH($A10,Parallel_Trends!$A$5:$A$14,0))) -> -263
A11: META | B11: =Raw_Prices!A12 -> 44943 | C11: =Raw_Prices!E12 -> 135.36 | D11: =C11/C10-1 -> -0.011826544 | E11: =IF(_xlfn.XLOOKUP($A11,Firm_Info!$A$2:$A$12,Firm_Info!$C$2:$C$12)="Treated",1,IF(_xlfn.XLOOKUP($A11,Firm_Info!$A$2:$A$12,Firm_Info!$C$2:$C$12)="Control",0,"")) -> 1 | F11: =IFERROR(_xlfn.XLOOKUP($A11,Firm_Info!$A$2:$A$11,Firm_Info!$D$2:$D$11),"") -> 1 | G11: =IF($F11="","",IF($B11>=SUMIFS(Firm_Info!$F$2:$F$11,Firm_Info!$D$2:$D$11,$F11,Firm_Info!$C$2:$C$11,"Treated"),1,0)) -> 0 | H11: =IF($F11="","",$E11*$G11) -> 0 | I11: =IF($F11="","",MOD(ROW()-2,624)-INDEX(Parallel_Trends!$F$5:$F$14,MATCH($A11,Parallel_Trends!$A$5:$A$14,0))) -> -262
A12: META | B12: =Raw_Prices!A13 -> 44944 | C12: =Raw_Prices!E13 -> 133.02 | D12: =C12/C11-1 -> -0.017287234 | E12: =IF(_xlfn.XLOOKUP($A12,Firm_Info!$A$2:$A$12,Firm_Info!$C$2:$C$12)="Treated",1,IF(_xlfn.XLOOKUP($A12,Firm_Info!$A$2:$A$12,Firm_Info!$C$2:$C$12)="Control",0,"")) -> 1 | F12: =IFERROR(_xlfn.XLOOKUP($A12,Firm_Info!$A$2:$A$11,Firm_Info!$D$2:$D$11),"") -> 1 | G12: =IF($F12="","",IF($B12>=SUMIFS(Firm_Info!$F$2:$F$11,Firm_Info!$D$2:$D$11,$F12,Firm_Info!$C$2:$C$11,"Treated"),1,0)) -> 0 | H12: =IF($F12="","",$E12*$G12) -> 0 | I12: =IF($F12="","",MOD(ROW()-2,624)-INDEX(Parallel_Trends!$F$5:$F$14,MATCH($A12,Parallel_Trends!$A$5:$A$14,0))) -> -261
A13: META | B13: =Raw_Prices!A14 -> 44945 | C13: =Raw_Prices!E14 -> 136.15 | D13: =C13/C12-1 -> 0.023530296 | E13: =IF(_xlfn.XLOOKUP($A13,Firm_Info!$A$2:$A$12,Firm_Info!$C$2:$C$12)="Treated",1,IF(_xlfn.XLOOKUP($A13,Firm_Info!$A$2:$A$12,Firm_Info!$C$2:$C$12)="Control",0,"")) -> 1 | F13: =IFERROR(_xlfn.XLOOKUP($A13,Firm_Info!$A$2:$A$11,Firm_Info!$D$2:$D$11),"") -> 1 | G13: =IF($F13="","",IF($B13>=SUMIFS(Firm_Info!$F$2:$F$11,Firm_Info!$D$2:$D$11,$F13,Firm_Info!$C$2:$C$11,"Treated"),1,0)) -> 0 | H13: =IF($F13="","",$E13*$G13) -> 0 | I13: =IF($F13="","",MOD(ROW()-2,624)-INDEX(Parallel_Trends!$F$5:$F$14,MATCH($A13,Parallel_Trends!$A$5:$A$14,0))) -> -260
A14: META | B14: =Raw_Prices!A15 -> 44946 | C14: =Raw_Prices!E15 -> 139.37 | D14: =C14/C13-1 -> 0.023650386 | E14: =IF(_xlfn.XLOOKUP($A14,Firm_Info!$A$2:$A$12,Firm_Info!$C$2:$C$12)="Treated",1,IF(_xlfn.XLOOKUP($A14,Firm_Info!$A$2:$A$12,Firm_Info!$C$2:$C$12)="Control",0,"")) -> 1 | F14: =IFERROR(_xlfn.XLOOKUP($A14,Firm_Info!$A$2:$A$11,Firm_Info!$D$2:$D$11),"") -> 1 | G14: =IF($F14="","",IF($B14>=SUMIFS(Firm_Info!$F$2:$F$11,Firm_Info!$D$2:$D$11,$F14,Firm_Info!$C$2:$C$11,"Treated"),1,0)) -> 0 | H14: =IF($F14="","",$E14*$G14) -> 0 | I14: =IF($F14="","",MOD(ROW()-2,624)-INDEX(Parallel_Trends!$F$5:$F$14,MATCH($A14,Parallel_Trends!$A$5:$A$14,0))) -> -259
... A625: META | B625: =Raw_Prices!A626 -> 45838 | C625: =Raw_Prices!E626 -> 738.09 | D625: =C625/C624-1 -> 0.0060793588 | E625: =IF(_xlfn.XLOOKUP($A625,Firm_Info!$A$2:$A$12,Firm_Info!$C$2:$C$12)="Treated",1,IF(_xlfn.XLOOKUP($A625,Firm_Info!$A$2:$A$12,Firm_Info!$C$2:$C$12)="Control",0,"")) -> 1 | F625: =IFERROR(_xlfn.XLOOKUP($A625,Firm_Info!$A$2:$A$11,Firm_Info!$D$2:$D$11),"") -> 1 | G625: =IF($F625="","",IF($B625>=SUMIFS(Firm_Info!$F$2:$F$11,Firm_Info!$D$2:$D$11,$F625,Firm_Info!$C$2:$C$11,"Treated"),1,0)) -> 1 | H625: =IF($F625="","",$E625*$G625) -> 1 | I625: =IF($F625="","",MOD(ROW()-2,624)-INDEX(Parallel_Trends!$F$5:$F$14,MATCH($A625,Parallel_Trends!$A$5:$A$14,0))) -> 352
A626: AMZN | B626: =Raw_Prices!H3 -> 44929 | C626: =Raw_Prices!L3 -> 85.82 | E626: =IF(_xlfn.XLOOKUP($A626,Firm_Info!$A$2:$A$12,Firm_Info!$C$2:$C$12)="Treated",1,IF(_xlfn.XLOOKUP($A626,Firm_Info!$A$2:$A$12,Firm_Info!$C$2:$C$12)="Control",0,"")) -> 0 | F626: =IFERROR(_xlfn.XLOOKUP($A626,Firm_Info!$A$2:$A$11,Firm_Info!$D$2:$D$11),"") -> 1 | G626: =IF($F626="","",IF($B626>=SUMIFS(Firm_Info!$F$2:$F$11,Firm_Info!$D$2:$D$11,$F626,Firm_Info!$C$2:$C$11,"Treated"),1,0)) -> 0 | H626: =IF($F626="","",$E626*$G626) -> 0 | I626: =IF($F626="","",MOD(ROW()-2,624)-INDEX(Parallel_Trends!$F$5:$F$14,MATCH($A626,Parallel_Trends!$A$5:$A$14,0))) -> -271
A627: AMZN | B627: =Raw_Prices!H4 -> 44930 | C627: =Raw_Prices!L4 -> 85.14 | D627: =C627/C626-1 -> -0.0079235609 | E627: =IF(_xlfn.XLOOKUP($A627,Firm_Info!$A$2:$A$12,Firm_Info!$C$2:$C$12)="Treated",1,IF(_xlfn.XLOOKUP($A627,Firm_Info!$A$2:$A$12,Firm_Info!$C$2:$C$12)="Control",0,"")) -> 0 | F627: =IFERROR(_xlfn.XLOOKUP($A627,Firm_Info!$A$2:$A$11,Firm_Info!$D$2:$D$11),"") -> 1 | G627: =IF($F627="","",IF($B627>=SUMIFS(Firm_Info!$F$2:$F$11,Firm_Info!$D$2:$D$11,$F627,Firm_Info!$C$2:$C$11,"Treated"),1,0)) -> 0 | H627: =IF($F627="","",$E627*$G627) -> 0 | I627: =IF($F627="","",MOD(ROW()-2,624)-INDEX(Parallel_Trends!$F$5:$F$14,MATCH($A627,Parallel_Trends!$A$5:$A$14,0))) -> -270
A628: AMZN | B628: =Raw_Prices!H5 -> 44931 | C628: =Raw_Prices!L5 -> 83.12 | D628: =C628/C627-1 -> -0.023725628 | E628: =IF(_xlfn.XLOOKUP($A628,Firm_Info!$A$2:$A$12,Firm_Info!$C$2:$C$12)="Treated",1,IF(_xlfn.XLOOKUP($A628,Firm_Info!$A$2:$A$12,Firm_Info!$C$2:$C$12)="Control",0,"")) -> 0 | F628: =IFERROR(_xlfn.XLOOKUP($A628,Firm_Info!$A$2:$A$11,Firm_Info!$D$2:$D$11),"") -> 1 | G628: =IF($F628="","",IF($B628>=SUMIFS(Firm_Info!$F$2:$F$11,Firm_Info!$D$2:$D$11,$F628,Firm_Info!$C$2:$C$11,"Treated"),1,0)) -> 0 | H628: =IF($F628="","",$E628*$G628) -> 0 | I628: =IF($F628="","",MOD(ROW()-2,624)-INDEX(Parallel_Trends!$F$5:$F$14,MATCH($A628,Parallel_Trends!$A$5:$A$14,0))) -> -269
A629: AMZN | B629: =Raw_Prices!H6 -> 44932 | C629: =Raw_Prices!L6 -> 86.08 | D629: =C629/C628-1 -> 0.035611165 | E629: =IF(_xlfn.XLOOKUP($A629,Firm_Info!$A$2:$A$12,Firm_Info!$C$2:$C$12)="Treated",1,IF(_xlfn.XLOOKUP($A629,Firm_Info!$A$2:$A$12,Firm_Info!$C$2:$C$12)="Control",0,"")) -> 0 | F629: =IFERROR(_xlfn.XLOOKUP($A629,Firm_Info!$A$2:$A$11,Firm_Info!$D$2:$D$11),"") -> 1 | G629: =IF($F629="","",IF($B629>=SUMIFS(Firm_Info!$F$2:$F$11,Firm_Info!$D$2:$D$11,$F629,Firm_Info!$C$2:$C$11,"Treated"),1,0)) -> 0 | H629: =IF($F629="","",$E629*$G629) -> 0 | I629: =IF($F629="","",MOD(ROW()-2,624)-INDEX(Parallel_Trends!$F$5:$F$14,MATCH($A629,Parallel_Trends!$A$5:$A$14,0))) -> -268
A630: AMZN | B630: =Raw_Prices!H7 -> 44935 | C630: =Raw_Prices!L7 -> 87.36 | D630: =C630/C629-1 -> 0.014869888 | E630: =IF(_xlfn.XLOOKUP($A630,Firm_Info!$A$2:$A$12,Firm_Info!$C$2:$C$12)="Treated",1,IF(_xlfn.XLOOKUP($A630,Firm_Info!$A$2:$A$12,Firm_Info!$C$2:$C$12)="Control",0,"")) -> 0 | F630: =IFERROR(_xlfn.XLOOKUP($A630,Firm_Info!$A$2:$A$11,Firm_Info!$D$2:$D$11),"") -> 1 | G630: =IF($F630="","",IF($B630>=SUMIFS(Firm_Info!$F$2:$F$11,Firm_Info!$D$2:$D$11,$F630,Firm_Info!$C$2:$C$11,"Treated"),1,0)) -> 0 | H630: =IF($F630="","",$E630*$G630) -> 0 | I630: =IF($F630="","",MOD(ROW()-2,624)-INDEX(Parallel_Trends!$F$5:$F$14,MATCH($A630,Parallel_Trends!$A$5:$A$14,0))) -> -267
A631: AMZN | B631: =Raw_Prices!H8 -> 44936 | C631: =Raw_Prices!L8 -> 89.87 | D631: =C631/C630-1 -> 0.028731685 | E631: =IF(_xlfn.XLOOKUP($A631,Firm_Info!$A$2:$A$12,Firm_Info!$C$2:$C$12)="Treated",1,IF(_xlfn.XLOOKUP($A631,Firm_Info!$A$2:$A$12,Firm_Info!$C$2:$C$12)="Control",0,"")) -> 0 | F631: =IFERROR(_xlfn.XLOOKUP($A631,Firm_Info!$A$2:$A$11,Firm_Info!$D$2:$D$11),"") -> 1 | G631: =IF($F631="","",IF($B631>=SUMIFS(Firm_Info!$F$2:$F$11,Firm_Info!$D$2:$D$11,$F631,Firm_Info!$C$2:$C$11,"Treated"),1,0)) -> 0 | H631: =IF($F631="","",$E631*$G631) -> 0 | I631: =IF($F631="","",MOD(ROW()-2,624)-INDEX(Parallel_Trends!$F$5:$F$14,MATCH($A631,Parallel_Trends!$A$5:$A$14,0))) -> -266
A632: AMZN | B632: =Raw_Prices!H9 -> 44937 | C632: =Raw_Prices!L9 -> 95.09 | D632: =C632/C631-1 -> 0.058083899 | E632: =IF(_xlfn.XLOOKUP($A632,Firm_Info!$A$2:$A$12,Firm_Info!$C$2:$C$12)="Treated",1,IF(_xlfn.XLOOKUP($A632,Firm_Info!$A$2:$A$12,Firm_Info!$C$2:$C$12)="Control",0,"")) -> 0 | F632: =IFERROR(_xlfn.XLOOKUP($A632,Firm_Info!$A$2:$A$11,Firm_Info!$D$2:$D$11),"") -> 1 | G632: =IF($F632="","",IF($B632>=SUMIFS(Firm_Info!$F$2:$F$11,Firm_Info!$D$2:$D$11,$F632,Firm_Info!$C$2:$C$11,"Treated"),1,0)) -> 0 | H632: =IF($F632="","",$E632*$G632) -> 0 | I632: =IF($F632="","",MOD(ROW()-2,624)-INDEX(Parallel_Trends!$F$5:$F$14,MATCH($A632,Parallel_Trends!$A$5:$A$14,0))) -> -265
A633: AMZN | B633: =Raw_Prices!H10 -> 44938 | C633: =Raw_Prices!L10 -> 95.27 | D633: =C633/C632-1 -> 0.0018929435 | E633: =IF(_xlfn.XLOOKUP($A633,Firm_Info!$A$2:$A$12,Firm_Info!$C$2:$C$12)="Treated",1,IF(_xlfn.XLOOKUP($A633,Firm_Info!$A$2:$A$12,Firm_Info!$C$2:$C$12)="Control",0,"")) -> 0 | F633: =IFERROR(_xlfn.XLOOKUP($A633,Firm_Info!$A$2:$A$11,Firm_Info!$D$2:$D$11),"") -> 1 | G633: =IF($F633="","",IF($B633>=SUMIFS(Firm_Info!$F$2:$F$11,Firm_Info!$D$2:$D$11,$F633,Firm_Info!$C$2:$C$11,"Treated"),1,0)) -> 0 | H633: =IF($F633="","",$E633*$G633) -> 0 | I633: =IF($F633="","",MOD(ROW()-2,624)-INDEX(Parallel_Trends!$F$5:$F$14,MATCH($A633,Parallel_Trends!$A$5:$A$14,0))) -> -264
A634: AMZN | B634: =Raw_Prices!H11 -> 44939 | C634: =Raw_Prices!L11 -> 98.12 | D634: =C634/C633-1 -> 0.029914978 | E634: =IF(_xlfn.XLOOKUP($A634,Firm_Info!$A$2:$A$12,Firm_Info!$C$2:$C$12)="Treated",1,IF(_xlfn.XLOOKUP($A634,Firm_Info!$A$2:$A$12,Firm_Info!$C$2:$C$12)="Control",0,"")) -> 0 | F634: =IFERROR(_xlfn.XLOOKUP($A634,Firm_Info!$A$2:$A$11,Firm_Info!$D$2:$D$11),"") -> 1 | G634: =IF($F634="","",IF($B634>=SUMIFS(Firm_Info!$F$2:$F$11,Firm_Info!$D$2:$D$11,$F634,Firm_Info!$C$2:$C$11,"Treated"),1,0)) -> 0 | H634: =IF($F634="","",$E634*$G634) -> 0 | I634: =IF($F634="","",MOD(ROW()-2,624)-INDEX(Parallel_Trends!$F$5:$F$14,MATCH($A634,Parallel_Trends!$A$5:$A$14,0))) -> -263
A635: AMZN | B635: =Raw_Prices!H12 -> 44943 | C635: =Raw_Prices!L12 -> 96.05 | D635: =C635/C634-1 -> -0.021096616 | E635: =IF(_xlfn.XLOOKUP($A635,Firm_Info!$A$2:$A$12,Firm_Info!$C$2:$C$12)="Treated",1,IF(_xlfn.XLOOKUP($A635,Firm_Info!$A$2:$A$12,Firm_Info!$C$2:$C$12)="Control",0,"")) -> 0 | F635: =IFERROR(_xlfn.XLOOKUP($A635,Firm_Info!$A$2:$A$11,Firm_Info!$D$2:$D$11),"") -> 1 | G635: =IF($F635="","",IF($B635>=SUMIFS(Firm_Info!$F$2:$F$11,Firm_Info!$D$2:$D$11,$F635,Firm_Info!$C$2:$C$11,"Treated"),1,0)) -> 0 | H635: =IF($F635="","",$E635*$G635) -> 0 | I635: =IF($F635="","",MOD(ROW()-2,624)-INDEX(Parallel_Trends!$F$5:$F$14,MATCH($A635,Parallel_Trends!$A$5:$A$14,0))) -> -262
A636: AMZN | B636: =Raw_Prices!H13 -> 44944 | C636: =Raw_Prices!L13 -> 95.46 | D636: =C636/C635-1 -> -0.006142634 | E636: =IF(_xlfn.XLOOKUP($A636,Firm_Info!$A$2:$A$12,Firm_Info!$C$2:$C$12)="Treated",1,IF(_xlfn.XLOOKUP($A636,Firm_Info!$A$2:$A$12,Firm_Info!$C$2:$C$12)="Control",0,"")) -> 0 | F636: =IFERROR(_xlfn.XLOOKUP($A636,Firm_Info!$A$2:$A$11,Firm_Info!$D$2:$D$11),"") -> 1 | G636: =IF($F636="","",IF($B636>=SUMIFS(Firm_Info!$F$2:$F$11,Firm_Info!$D$2:$D$11,$F636,Firm_Info!$C$2:$C$11,"Treated"),1,0)) -> 0 | H636: =IF($F636="","",$E636*$G636) -> 0 | I636: =IF($F636="","",MOD(ROW()-2,624)-INDEX(Parallel_Trends!$F$5:$F$14,MATCH($A636,Parallel_Trends!$A$5:$A$14,0))) -> -261
A637: AMZN | B637: =Raw_Prices!H14 -> 44945 | C637: =Raw_Prices!L14 -> 93.68 | D637: =C637/C636-1 -> -0.018646554 | E637: =IF(_xlfn.XLOOKUP($A637,Firm_Info!$A$2:$A$12,Firm_Info!$C$2:$C$12)="Treated",1,IF(_xlfn.XLOOKUP($A637,Firm_Info!$A$2:$A$12,Firm_Info!$C$2:$C$12)="Control",0,"")) -> 0 | F637: =IFERROR(_xlfn.XLOOKUP($A637,Firm_Info!$A$2:$A$11,Firm_Info!$D$2:$D$11),"") -> 1 | G637: =IF($F637="","",IF($B637>=SUMIFS(Firm_Info!$F$2:$F$11,Firm_Info!$D$2:$D$11,$F637,Firm_Info!$C$2:$C$11,"Treated"),1,0)) -> 0 | H637: =IF($F637="","",$E637*$G637) -> 0 | I637: =IF($F637="","",MOD(ROW()-2,624)-INDEX(Parallel_Trends!$F$5:$F$14,MATCH($A637,Parallel_Trends!$A$5:$A$14,0))) -> -260
A638: AMZN | B638: =Raw_Prices!H15 -> 44946 | C638: =Raw_Prices!L15 -> 97.25 | D638: =C638/C637-1 -> 0.038108454 | E638: =IF(_xlfn.XLOOKUP($A638,Firm_Info!$A$2:$A$12,Firm_Info!$C$2:$C$12)="Treated",1,IF(_xlfn.XLOOKUP($A638,Firm_Info!$A$2:$A$12,Firm_Info!$C$2:$C$12)="Control",0,"")) -> 0 | F638: =IFERROR(_xlfn.XLOOKUP($A638,Firm_Info!$A$2:$A$11,Firm_Info!$D$2:$D$11),"") -> 1 | G638: =IF($F638="","",IF($B638>=SUMIFS(Firm_Info!$F$2:$F$11,Firm_Info!$D$2:$D$11,$F638,Firm_Info!$C$2:$C$11,"Treated"),1,0)) -> 0 | H638: =IF($F638="","",$E638*$G638) -> 0 | I638: =IF($F638="","",MOD(ROW()-2,624)-INDEX(Parallel_Trends!$F$5:$F$14,MATCH($A638,Parallel_Trends!$A$5:$A$14,0))) -> -259
... A1249: AMZN | B1249: =Raw_Prices!H626 -> 45838 | C1249: =Raw_Prices!L626 -> 219.39 | D1249: =C1249/C1248-1 -> -0.017510076 | E1249: =IF(_xlfn.XLOOKUP($A1249,Firm_Info!$A$2:$A$12,Firm_Info!$C$2:$C$12)="Treated",1,IF(_xlfn.XLOOKUP($A1249,Firm_Info!$A$2:$A$12,Firm_Info!$C$2:$C$12)="Control",0,"")) -> 0 | F1249: =IFERROR(_xlfn.XLOOKUP($A1249,Firm_Info!$A$2:$A$11,Firm_Info!$D$2:$D$11),"") -> 1 | G1249: =IF($F1249="","",IF($B1249>=SUMIFS(Firm_Info!$F$2:$F$11,Firm_Info!$D$2:$D$11,$F1249,Firm_Info!$C$2:$C$11,"Treated"),1,0)) -> 1 | H1249: =IF($F1249="","",$E1249*$G1249) -> 0 | I1249: =IF($F1249="","",MOD(ROW()-2,624)-INDEX(Parallel_Trends!$F$5:$F$14,MATCH($A1249,Parallel_Trends!$A$5:$A$14,0))) -> 352
A1250: GOOGL | B1250: =Raw_Prices!O3 -> 44929 | C1250: =Raw_Prices!S3 -> 88.798 | E1250: =IF(_xlfn.XLOOKUP($A1250,Firm_Info!$A$2:$A$12,Firm_Info!$C$2:$C$12)="Treated",1,IF(_xlfn.XLOOKUP($A1250,Firm_Info!$A$2:$A$12,Firm_Info!$C$2:$C$12)="Control",0,"")) -> 1 | F1250: =IFERROR(_xlfn.XLOOKUP($A1250,Firm_Info!$A$2:$A$11,Firm_Info!$D$2:$D$11),"") -> 2 | G1250: =IF($F1250="","",IF($B1250>=SUMIFS(Firm_Info!$F$2:$F$11,Firm_Info!$D$2:$D$11,$F1250,Firm_Info!$C$2:$C$11,"Treated"),1,0)) -> 0 | H1250: =IF($F1250="","",$E1250*$G1250) -> 0 | I1250: =IF($F1250="","",MOD(ROW()-2,624)-INDEX(Parallel_Trends!$F$5:$F$14,MATCH($A1250,Parallel_Trends!$A$5:$A$14,0))) -> -329
A1251: GOOGL | B1251: =Raw_Prices!O4 -> 44930 | C1251: =Raw_Prices!S4 -> 87.7618 | D1251: =C1251/C1250-1 -> -0.011669182 | E1251: =IF(_xlfn.XLOOKUP($A1251,Firm_Info!$A$2:$A$12,Firm_Info!$C$2:$C$12)="Treated",1,IF(_xlfn.XLOOKUP($A1251,Firm_Info!$A$2:$A$12,Firm_Info!$C$2:$C$12)="Control",0,"")) -> 1 | F1251: =IFERROR(_xlfn.XLOOKUP($A1251,Firm_Info!$A$2:$A$11,Firm_Info!$D$2:$D$11),"") -> 2 | G1251: =IF($F1251="","",IF($B1251>=SUMIFS(Firm_Info!$F$2:$F$11,Firm_Info!$D$2:$D$11,$F1251,Firm_Info!$C$2:$C$11,"Treated"),1,0)) -> 0 | H1251: =IF($F1251="","",$E1251*$G1251) -> 0 | I1251: =IF($F1251="","",MOD(ROW()-2,624)-INDEX(Parallel_Trends!$F$5:$F$14,MATCH($A1251,Parallel_Trends!$A$5:$A$14,0))) -> -328
A1252: GOOGL | B1252: =Raw_Prices!O5 -> 44931 | C1252: =Raw_Prices!S5 -> 85.8887 | D1252: =C1252/C1251-1 -> -0.021342999 | E1252: =IF(_xlfn.XLOOKUP($A1252,Firm_Info!$A$2:$A$12,Firm_Info!$C$2:$C$12)="Treated",1,IF(_xlfn.XLOOKUP($A1252,Firm_Info!$A$2:$A$12,Firm_Info!$C$2:$C$12)="Control",0,"")) -> 1 | F1252: =IFERROR(_xlfn.XLOOKUP($A1252,Firm_Info!$A$2:$A$11,Firm_Info!$D$2:$D$11),"") -> 2 | G1252: =IF($F1252="","",IF($B1252>=SUMIFS(Firm_Info!$F$2:$F$11,Firm_Info!$D$2:$D$11,$F1252,Firm_Info!$C$2:$C$11,"Treated"),1,0)) -> 0 | H1252: =IF($F1252="","",$E1252*$G1252) -> 0 | I1252: =IF($F1252="","",MOD(ROW()-2,624)-INDEX(Parallel_Trends!$F$5:$F$14,MATCH($A1252,Parallel_Trends!$A$5:$A$14,0))) -> -327
A1253: GOOGL | B1253: =Raw_Prices!O6 -> 44932 | C1253: =Raw_Prices!S6 -> 87.0246 | D1253: =C1253/C1252-1 -> 0.013225255 | E1253: =IF(_xlfn.XLOOKUP($A1253,Firm_Info!$A$2:$A$12,Firm_Info!$C$2:$C$12)="Treated",1,IF(_xlfn.XLOOKUP($A1253,Firm_Info!$A$2:$A$12,Firm_Info!$C$2:$C$12)="Control",0,"")) -> 1 | F1253: =IFERROR(_xlfn.XLOOKUP($A1253,Firm_Info!$A$2:$A$11,Firm_Info!$D$2:$D$11),"") -> 2 | G1253: =IF($F1253="","",IF($B1253>=SUMIFS(Firm_Info!$F$2:$F$11,Firm_Info!$D$2:$D$11,$F1253,Firm_Info!$C$2:$C$11,"Treated"),1,0)) -> 0 | H1253: =IF($F1253="","",$E1253*$G1253) -> 0 | I1253: =IF($F1253="","",MOD(ROW()-2,624)-INDEX(Parallel_Trends!$F$5:$F$14,MATCH($A1253,Parallel_Trends!$A$5:$A$14,0))) -> -326
A1254: GOOGL | B1254: =Raw_Prices!O7 -> 44935 | C1254: =Raw_Prices!S7 -> 87.7021 | D1254: =C1254/C1253-1 -> 0.007785155 | E1254: =IF(_xlfn.XLOOKUP($A1254,Firm_Info!$A$2:$A$12,Firm_Info!$C$2:$C$12)="Treated",1,IF(_xlfn.XLOOKUP($A1254,Firm_Info!$A$2:$A$12,Firm_Info!$C$2:$C$12)="Control",0,"")) -> 1 | F1254: =IFERROR(_xlfn.XLOOKUP($A1254,Firm_Info!$A$2:$A$11,Firm_Info!$D$2:$D$11),"") -> 2 | G1254: =IF($F1254="","",IF($B1254>=SUMIFS(Firm_Info!$F$2:$F$11,Firm_Info!$D$2:$D$11,$F1254,Firm_Info!$C$2:$C$11,"Treated"),1,0)) -> 0 | H1254: =IF($F1254="","",$E1254*$G1254) -> 0 | I1254: =IF($F1254="","",MOD(ROW()-2,624)-INDEX(Parallel_Trends!$F$5:$F$14,MATCH($A1254,Parallel_Trends!$A$5:$A$14,0))) -> -325
A1255: GOOGL | B1255: =Raw_Prices!O8 -> 44936 | C1255: =Raw_Prices!S8 -> 88.1006 | D1255: =C1255/C1254-1 -> 0.0045437909 | E1255: =IF(_xlfn.XLOOKUP($A1255,Firm_Info!$A$2:$A$12,Firm_Info!$C$2:$C$12)="Treated",1,IF(_xlfn.XLOOKUP($A1255,Firm_Info!$A$2:$A$12,Firm_Info!$C$2:$C$12)="Control",0,"")) -> 1 | F1255: =IFERROR(_xlfn.XLOOKUP($A1255,Firm_Info!$A$2:$A$11,Firm_Info!$D$2:$D$11),"") -> 2 | G1255: =IF($F1255="","",IF($B1255>=SUMIFS(Firm_Info!$F$2:$F$11,Firm_Info!$D$2:$D$11,$F1255,Firm_Info!$C$2:$C$11,"Treated"),1,0)) -> 0 | H1255: =IF($F1255="","",$E1255*$G1255) -> 0 | I1255: =IF($F1255="","",MOD(ROW()-2,624)-INDEX(Parallel_Trends!$F$5:$F$14,MATCH($A1255,Parallel_Trends!$A$5:$A$14,0))) -> -324
A1256: GOOGL | B1256: =Raw_Prices!O9 -> 44937 | C1256: =Raw_Prices!S9 -> 91.1895 | D1256: =C1256/C1255-1 -> 0.035061055 | E1256: =IF(_xlfn.XLOOKUP($A1256,Firm_Info!$A$2:$A$12,Firm_Info!$C$2:$C$12)="Treated",1,IF(_xlfn.XLOOKUP($A1256,Firm_Info!$A$2:$A$12,Firm_Info!$C$2:$C$12)="Control",0,"")) -> 1 | F1256: =IFERROR(_xlfn.XLOOKUP($A1256,Firm_Info!$A$2:$A$11,Firm_Info!$D$2:$D$11),"") -> 2 | G1256: =IF($F1256="","",IF($B1256>=SUMIFS(Firm_Info!$F$2:$F$11,Firm_Info!$D$2:$D$11,$F1256,Firm_Info!$C$2:$C$11,"Treated"),1,0)) -> 0 | H1256: =IF($F1256="","",$E1256*$G1256) -> 0 | I1256: =IF($F1256="","",MOD(ROW()-2,624)-INDEX(Parallel_Trends!$F$5:$F$14,MATCH($A1256,Parallel_Trends!$A$5:$A$14,0))) -> -323
A1257: GOOGL | B1257: =Raw_Prices!O10 -> 44938 | C1257: =Raw_Prices!S10 -> 90.8008 | D1257: =C1257/C1256-1 -> -0.0042625522 | E1257: =IF(_xlfn.XLOOKUP($A1257,Firm_Info!$A$2:$A$12,Firm_Info!$C$2:$C$12)="Treated",1,IF(_xlfn.XLOOKUP($A1257,Firm_Info!$A$2:$A$12,Firm_Info!$C$2:$C$12)="Control",0,"")) -> 1 | F1257: =IFERROR(_xlfn.XLOOKUP($A1257,Firm_Info!$A$2:$A$11,Firm_Info!$D$2:$D$11),"") -> 2 | G1257: =IF($F1257="","",IF($B1257>=SUMIFS(Firm_Info!$F$2:$F$11,Firm_Info!$D$2:$D$11,$F1257,Firm_Info!$C$2:$C$11,"Treated"),1,0)) -> 0 | H1257: =IF($F1257="","",$E1257*$G1257) -> 0 | I1257: =IF($F1257="","",MOD(ROW()-2,624)-INDEX(Parallel_Trends!$F$5:$F$14,MATCH($A1257,Parallel_Trends!$A$5:$A$14,0))) -> -322
A1258: GOOGL | B1258: =Raw_Prices!O11 -> 44939 | C1258: =Raw_Prices!S11 -> 91.7873 | D1258: =C1258/C1257-1 -> 0.010864442 | E1258: =IF(_xlfn.XLOOKUP($A1258,Firm_Info!$A$2:$A$12,Firm_Info!$C$2:$C$12)="Treated",1,IF(_xlfn.XLOOKUP($A1258,Firm_Info!$A$2:$A$12,Firm_Info!$C$2:$C$12)="Control",0,"")) -> 1 | F1258: =IFERROR(_xlfn.XLOOKUP($A1258,Firm_Info!$A$2:$A$11,Firm_Info!$D$2:$D$11),"") -> 2 | G1258: =IF($F1258="","",IF($B1258>=SUMIFS(Firm_Info!$F$2:$F$11,Firm_Info!$D$2:$D$11,$F1258,Firm_Info!$C$2:$C$11,"Treated"),1,0)) -> 0 | H1258: =IF($F1258="","",$E1258*$G1258) -> 0 | I1258: =IF($F1258="","",MOD(ROW()-2,624)-INDEX(Parallel_Trends!$F$5:$F$14,MATCH($A1258,Parallel_Trends!$A$5:$A$14,0))) -> -321
A1259: GOOGL | B1259: =Raw_Prices!O12 -> 44943 | C1259: =Raw_Prices!S12 -> 90.9603 | D1259: =C1259/C1258-1 -> -0.0090099611 | E1259: =IF(_xlfn.XLOOKUP($A1259,Firm_Info!$A$2:$A$12,Firm_Info!$C$2:$C$12)="Treated",1,IF(_xlfn.XLOOKUP($A1259,Firm_Info!$A$2:$A$12,Firm_Info!$C$2:$C$12)="Control",0,"")) -> 1 | F1259: =IFERROR(_xlfn.XLOOKUP($A1259,Firm_Info!$A$2:$A$11,Firm_Info!$D$2:$D$11),"") -> 2 | G1259: =IF($F1259="","",IF($B1259>=SUMIFS(Firm_Info!$F$2:$F$11,Firm_Info!$D$2:$D$11,$F1259,Firm_Info!$C$2:$C$11,"Treated"),1,0)) -> 0 | H1259: =IF($F1259="","",$E1259*$G1259) -> 0 | I1259: =IF($F1259="","",MOD(ROW()-2,624)-INDEX(Parallel_Trends!$F$5:$F$14,MATCH($A1259,Parallel_Trends!$A$5:$A$14,0))) -> -320
A1260: GOOGL | B1260: =Raw_Prices!O13 -> 44944 | C1260: =Raw_Prices!S13 -> 90.7908 | D1260: =C1260/C1259-1 -> -0.0018634503 | E1260: =IF(_xlfn.XLOOKUP($A1260,Firm_Info!$A$2:$A$12,Firm_Info!$C$2:$C$12)="Treated",1,IF(_xlfn.XLOOKUP($A1260,Firm_Info!$A$2:$A$12,Firm_Info!$C$2:$C$12)="Control",0,"")) -> 1 | F1260: =IFERROR(_xlfn.XLOOKUP($A1260,Firm_Info!$A$2:$A$11,Firm_Info!$D$2:$D$11),"") -> 2 | G1260: =IF($F1260="","",IF($B1260>=SUMIFS(Firm_Info!$F$2:$F$11,Firm_Info!$D$2:$D$11,$F1260,Firm_Info!$C$2:$C$11,"Treated"),1,0)) -> 0 | H1260: =IF($F1260="","",$E1260*$G1260) -> 0 | I1260: =IF($F1260="","",MOD(ROW()-2,624)-INDEX(Parallel_Trends!$F$5:$F$14,MATCH($A1260,Parallel_Trends!$A$5:$A$14,0))) -> -319
A1261: GOOGL | B1261: =Raw_Prices!O14 -> 44945 | C1261: =Raw_Prices!S14 -> 92.7138 | D1261: =C1261/C1260-1 -> 0.02118056 | E1261: =IF(_xlfn.XLOOKUP($A1261,Firm_Info!$A$2:$A$12,Firm_Info!$C$2:$C$12)="Treated",1,IF(_xlfn.XLOOKUP($A1261,Firm_Info!$A$2:$A$12,Firm_Info!$C$2:$C$12)="Control",0,"")) -> 1 | F1261: =IFERROR(_xlfn.XLOOKUP($A1261,Firm_Info!$A$2:$A$11,Firm_Info!$D$2:$D$11),"") -> 2 | G1261: =IF($F1261="","",IF($B1261>=SUMIFS(Firm_Info!$F$2:$F$11,Firm_Info!$D$2:$D$11,$F1261,Firm_Info!$C$2:$C$11,"Treated"),1,0)) -> 0 | H1261: =IF($F1261="","",$E1261*$G1261) -> 0 | I1261: =IF($F1261="","",MOD(ROW()-2,624)-INDEX(Parallel_Trends!$F$5:$F$14,MATCH($A1261,Parallel_Trends!$A$5:$A$14,0))) -> -318
A1262: GOOGL | B1262: =Raw_Prices!O15 -> 44946 | C1262: =Raw_Prices!S15 -> 97.666 | D1262: =C1262/C1261-1 -> 0.053413839 | E1262: =IF(_xlfn.XLOOKUP($A1262,Firm_Info!$A$2:$A$12,Firm_Info!$C$2:$C$12)="Treated",1,IF(_xlfn.XLOOKUP($A1262,Firm_Info!$A$2:$A$12,Firm_Info!$C$2:$C$12)="Control",0,"")) -> 1 | F1262: =IFERROR(_xlfn.XLOOKUP($A1262,Firm_Info!$A$2:$A$11,Firm_Info!$D$2:$D$11),"") -> 2 | G1262: =IF($F1262="","",IF($B1262>=SUMIFS(Firm_Info!$F$2:$F$11,Firm_Info!$D$2:$D$11,$F1262,Firm_Info!$C$2:$C$11,"Treated"),1,0)) -> 0 | H1262: =IF($F1262="","",$E1262*$G1262) -> 0 | I1262: =IF($F1262="","",MOD(ROW()-2,624)-INDEX(Parallel_Trends!$F$5:$F$14,MATCH($A1262,Parallel_Trends!$A$5:$A$14,0))) -> -317
... A1873: GOOGL | B1873: =Raw_Prices!O626 -> 45838 | C1873: =Raw_Prices!S626 -> 176.23 | D1873: =C1873/C1872-1 -> -0.012882989 | E1873: =IF(_xlfn.XLOOKUP($A1873,Firm_Info!$A$2:$A$12,Firm_Info!$C$2:$C$12)="Treated",1,IF(_xlfn.XLOOKUP($A1873,Firm_Info!$A$2:$A$12,Firm_Info!$C$2:$C$12)="Control",0,"")) -> 1 | F1873: =IFERROR(_xlfn.XLOOKUP($A1873,Firm_Info!$A$2:$A$11,Firm_Info!$D$2:$D$11),"") -> 2 | G1873: =IF($F1873="","",IF($B1873>=SUMIFS(Firm_Info!$F$2:$F$11,Firm_Info!$D$2:$D$11,$F1873,Firm_Info!$C$2:$C$11,"Treated"),1,0)) -> 1 | H1873: =IF($F1873="","",$E1873*$G1873) -> 1 | I1873: =IF($F1873="","",MOD(ROW()-2,624)-INDEX(Parallel_Trends!$F$5:$F$14,MATCH($A1873,Parallel_Trends!$A$5:$A$14,0))) -> 294
A1874: ADBE | B1874: =Raw_Prices!V3 -> 44929 | C1874: =Raw_Prices!Z3 -> 336.92 | E1874: =IF(_xlfn.XLOOKUP($A1874,Firm_Info!$A$2:$A$12,Firm_Info!$C$2:$C$12)="Treated",1,IF(_xlfn.XLOOKUP($A1874,Firm_Info!$A$2:$A$12,Firm_Info!$C$2:$C$12)="Control",0,"")) -> 0 | F1874: =IFERROR(_xlfn.XLOOKUP($A1874,Firm_Info!$A$2:$A$11,Firm_Info!$D$2:$D$11),"") -> 2 | G1874: =IF($F1874="","",IF($B1874>=SUMIFS(Firm_Info!$F$2:$F$11,Firm_Info!$D$2:$D$11,$F1874,Firm_Info!$C$2:$C$11,"Treated"),1,0)) -> 0 | H1874: =IF($F1874="","",$E1874*$G1874) -> 0 | I1874: =IF($F1874="","",MOD(ROW()-2,624)-INDEX(Parallel_Trends!$F$5:$F$14,MATCH($A1874,Parallel_Trends!$A$5:$A$14,0))) -> -329
A1875: ADBE | B1875: =Raw_Prices!V4 -> 44930 | C1875: =Raw_Prices!Z4 -> 341.41 | D1875: =C1875/C1874-1 -> 0.013326606 | E1875: =IF(_xlfn.XLOOKUP($A1875,Firm_Info!$A$2:$A$12,Firm_Info!$C$2:$C$12)="Treated",1,IF(_xlfn.XLOOKUP($A1875,Firm_Info!$A$2:$A$12,Firm_Info!$C$2:$C$12)="Control",0,"")) -> 0 | F1875: =IFERROR(_xlfn.XLOOKUP($A1875,Firm_Info!$A$2:$A$11,Firm_Info!$D$2:$D$11),"") -> 2 | G1875: =IF($F1875="","",IF($B1875>=SUMIFS(Firm_Info!$F$2:$F$11,Firm_Info!$D$2:$D$11,$F1875,Firm_Info!$C$2:$C$11,"Treated"),1,0)) -> 0 | H1875: =IF($F1875="","",$E1875*$G1875) -> 0 | I1875: =IF($F1875="","",MOD(ROW()-2,624)-INDEX(Parallel_Trends!$F$5:$F$14,MATCH($A1875,Parallel_Trends!$A$5:$A$14,0))) -> -328
A1876: ADBE | B1876: =Raw_Prices!V5 -> 44931 | C1876: =Raw_Prices!Z5 -> 328.44 | D1876: =C1876/C1875-1 -> -0.037989514 | E1876: =IF(_xlfn.XLOOKUP($A1876,Firm_Info!$A$2:$A$12,Firm_Info!$C$2:$C$12)="Treated",1,IF(_xlfn.XLOOKUP($A1876,Firm_Info!$A$2:$A$12,Firm_Info!$C$2:$C$12)="Control",0,"")) -> 0 | F1876: =IFERROR(_xlfn.XLOOKUP($A1876,Firm_Info!$A$2:$A$11,Firm_Info!$D$2:$D$11),"") -> 2 | G1876: =IF($F1876="","",IF($B1876>=SUMIFS(Firm_Info!$F$2:$F$11,Firm_Info!$D$2:$D$11,$F1876,Firm_Info!$C$2:$C$11,"Treated"),1,0)) -> 0 | H1876: =IF($F1876="","",$E1876*$G1876) -> 0 | I1876: =IF($F1876="","",MOD(ROW()-2,624)-INDEX(Parallel_Trends!$F$5:$F$14,MATCH($A1876,Parallel_Trends!$A$5:$A$14,0))) -> -327
A1877: ADBE | B1877: =Raw_Prices!V6 -> 44932 | C1877: =Raw_Prices!Z6 -> 332.75 | D1877: =C1877/C1876-1 -> 0.01312264 | E1877: =IF(_xlfn.XLOOKUP($A1877,Firm_Info!$A$2:$A$12,Firm_Info!$C$2:$C$12)="Treated",1,IF(_xlfn.XLOOKUP($A1877,Firm_Info!$A$2:$A$12,Firm_Info!$C$2:$C$12)="Control",0,"")) -> 0 | F1877: =IFERROR(_xlfn.XLOOKUP($A1877,Firm_Info!$A$2:$A$11,Firm_Info!$D$2:$D$11),"") -> 2 | G1877: =IF($F1877="","",IF($B1877>=SUMIFS(Firm_Info!$F$2:$F$11,Firm_Info!$D$2:$D$11,$F1877,Firm_Info!$C$2:$C$11,"Treated"),1,0)) -> 0 | H1877: =IF($F1877="","",$E1877*$G1877) -> 0 | I1877: =IF($F1877="","",MOD(ROW()-2,624)-INDEX(Parallel_Trends!$F$5:$F$14,MATCH($A1877,Parallel_Trends!$A$5:$A$14,0))) -> -326
A1878: ADBE | B1878: =Raw_Prices!V7 -> 44935 | C1878: =Raw_Prices!Z7 -> 341.98 | D1878: =C1878/C1877-1 -> 0.027738542 | E1878: =IF(_xlfn.XLOOKUP($A1878,Firm_Info!$A$2:$A$12,Firm_Info!$C$2:$C$12)="Treated",1,IF(_xlfn.XLOOKUP($A1878,Firm_Info!$A$2:$A$12,Firm_Info!$C$2:$C$12)="Control",0,"")) -> 0 | F1878: =IFERROR(_xlfn.XLOOKUP($A1878,Firm_Info!$A$2:$A$11,Firm_Info!$D$2:$D$11),"") -> 2 | G1878: =IF($F1878="","",IF($B1878>=SUMIFS(Firm_Info!$F$2:$F$11,Firm_Info!$D$2:$D$11,$F1878,Firm_Info!$C$2:$C$11,"Treated"),1,0)) -> 0 | H1878: =IF($F1878="","",$E1878*$G1878) -> 0 | I1878: =IF($F1878="","",MOD(ROW()-2,624)-INDEX(Parallel_Trends!$F$5:$F$14,MATCH($A1878,Parallel_Trends!$A$5:$A$14,0))) -> -325
A1879: ADBE | B1879: =Raw_Prices!V8 -> 44936 | C1879: =Raw_Prices!Z8 -> 338.7 | D1879: =C1879/C1878-1 -> -0.0095912042 | E1879: =IF(_xlfn.XLOOKUP($A1879,Firm_Info!$A$2:$A$12,Firm_Info!$C$2:$C$12)="Treated",1,IF(_xlfn.XLOOKUP($A1879,Firm_Info!$A$2:$A$12,Firm_Info!$C$2:$C$12)="Control",0,"")) -> 0 | F1879: =IFERROR(_xlfn.XLOOKUP($A1879,Firm_Info!$A$2:$A$11,Firm_Info!$D$2:$D$11),"") -> 2 | G1879: =IF($F1879="","",IF($B1879>=SUMIFS(Firm_Info!$F$2:$F$11,Firm_Info!$D$2:$D$11,$F1879,Firm_Info!$C$2:$C$11,"Treated"),1,0)) -> 0 | H1879: =IF($F1879="","",$E1879*$G1879) -> 0 | I1879: =IF($F1879="","",MOD(ROW()-2,624)-INDEX(Parallel_Trends!$F$5:$F$14,MATCH($A1879,Parallel_Trends!$A$5:$A$14,0))) -> -324
A1880: ADBE | B1880: =Raw_Prices!V9 -> 44937 | C1880: =Raw_Prices!Z9 -> 342.93 | D1880: =C1880/C1879-1 -> 0.012488928 | E1880: =IF(_xlfn.XLOOKUP($A1880,Firm_Info!$A$2:$A$12,Firm_Info!$C$2:$C$12)="Treated",1,IF(_xlfn.XLOOKUP($A1880,Firm_Info!$A$2:$A$12,Firm_Info!$C$2:$C$12)="Control",0,"")) -> 0 | F1880: =IFERROR(_xlfn.XLOOKUP($A1880,Firm_Info!$A$2:$A$11,Firm_Info!$D$2:$D$11),"") -> 2 | G1880: =IF($F1880="","",IF($B1880>=SUMIFS(Firm_Info!$F$2:$F$11,Firm_Info!$D$2:$D$11,$F1880,Firm_Info!$C$2:$C$11,"Treated"),1,0)) -> 0 | H1880: =IF($F1880="","",$E1880*$G1880) -> 0 | I1880: =IF($F1880="","",MOD(ROW()-2,624)-INDEX(Parallel_Trends!$F$5:$F$14,MATCH($A1880,Parallel_Trends!$A$5:$A$14,0))) -> -323
A1881: ADBE | B1881: =Raw_Prices!V10 -> 44938 | C1881: =Raw_Prices!Z10 -> 344.54 | D1881: =C1881/C1880-1 -> 0.0046948357 | E1881: =IF(_xlfn.XLOOKUP($A1881,Firm_Info!$A$2:$A$12,Firm_Info!$C$2:$C$12)="Treated",1,IF(_xlfn.XLOOKUP($A1881,Firm_Info!$A$2:$A$12,Firm_Info!$C$2:$C$12)="Control",0,"")) -> 0 | F1881: =IFERROR(_xlfn.XLOOKUP($A1881,Firm_Info!$A$2:$A$11,Firm_Info!$D$2:$D$11),"") -> 2 | G1881: =IF($F1881="","",IF($B1881>=SUMIFS(Firm_Info!$F$2:$F$11,Firm_Info!$D$2:$D$11,$F1881,Firm_Info!$C$2:$C$11,"Treated"),1,0)) -> 0 | H1881: =IF($F1881="","",$E1881*$G1881) -> 0 | I1881: =IF($F1881="","",MOD(ROW()-2,624)-INDEX(Parallel_Trends!$F$5:$F$14,MATCH($A1881,Parallel_Trends!$A$5:$A$14,0))) -> -322
A1882: ADBE | B1882: =Raw_Prices!V11 -> 44939 | C1882: =Raw_Prices!Z11 -> 344.38 | D1882: =C1882/C1881-1 -> -0.0004643873 | E1882: =IF(_xlfn.XLOOKUP($A1882,Firm_Info!$A$2:$A$12,Firm_Info!$C$2:$C$12)="Treated",1,IF(_xlfn.XLOOKUP($A1882,Firm_Info!$A$2:$A$12,Firm_Info!$C$2:$C$12)="Control",0,"")) -> 0 | F1882: =IFERROR(_xlfn.XLOOKUP($A1882,Firm_Info!$A$2:$A$11,Firm_Info!$D$2:$D$11),"") -> 2 | G1882: =IF($F1882="","",IF($B1882>=SUMIFS(Firm_Info!$F$2:$F$11,Firm_Info!$D$2:$D$11,$F1882,Firm_Info!$C$2:$C$11,"Treated"),1,0)) -> 0 | H1882: =IF($F1882="","",$E1882*$G1882) -> 0 | I1882: =IF($F1882="","",MOD(ROW()-2,624)-INDEX(Parallel_Trends!$F$5:$F$14,MATCH($A1882,Parallel_Trends!$A$5:$A$14,0))) -> -321
A1883: ADBE | B1883: =Raw_Prices!V12 -> 44943 | C1883: =Raw_Prices!Z12 -> 344.38 | D1883: =C1883/C1882-1 -> 0 | E1883: =IF(_xlfn.XLOOKUP($A1883,Firm_Info!$A$2:$A$12,Firm_Info!$C$2:$C$12)="Treated",1,IF(_xlfn.XLOOKUP($A1883,Firm_Info!$A$2:$A$12,Firm_Info!$C$2:$C$12)="Control",0,"")) -> 0 | F1883: =IFERROR(_xlfn.XLOOKUP($A1883,Firm_Info!$A$2:$A$11,Firm_Info!$D$2:$D$11),"") -> 2 | G1883: =IF($F1883="","",IF($B1883>=SUMIFS(Firm_Info!$F$2:$F$11,Firm_Info!$D$2:$D$11,$F1883,Firm_Info!$C$2:$C$11,"Treated"),1,0)) -> 0 | H1883: =IF($F1883="","",$E1883*$G1883) -> 0 | I1883: =IF($F1883="","",MOD(ROW()-2,624)-INDEX(Parallel_Trends!$F$5:$F$14,MATCH($A1883,Parallel_Trends!$A$5:$A$14,0))) -> -320
A1884: ADBE | B1884: =Raw_Prices!V13 -> 44944 | C1884: =Raw_Prices!Z13 -> 341.31 | D1884: =C1884/C1883-1 -> -0.0089145711 | E1884: =IF(_xlfn.XLOOKUP($A1884,Firm_Info!$A$2:$A$12,Firm_Info!$C$2:$C$12)="Treated",1,IF(_xlfn.XLOOKUP($A1884,Firm_Info!$A$2:$A$12,Firm_Info!$C$2:$C$12)="Control",0,"")) -> 0 | F1884: =IFERROR(_xlfn.XLOOKUP($A1884,Firm_Info!$A$2:$A$11,Firm_Info!$D$2:$D$11),"") -> 2 | G1884: =IF($F1884="","",IF($B1884>=SUMIFS(Firm_Info!$F$2:$F$11,Firm_Info!$D$2:$D$11,$F1884,Firm_Info!$C$2:$C$11,"Treated"),1,0)) -> 0 | H1884: =IF($F1884="","",$E1884*$G1884) -> 0 | I1884: =IF($F1884="","",MOD(ROW()-2,624)-INDEX(Parallel_Trends!$F$5:$F$14,MATCH($A1884,Parallel_Trends!$A$5:$A$14,0))) -> -319
A1885: ADBE | B1885: =Raw_Prices!V14 -> 44945 | C1885: =Raw_Prices!Z14 -> 342.53 | D1885: =C1885/C1884-1 -> 0.0035744631 | E1885: =IF(_xlfn.XLOOKUP($A1885,Firm_Info!$A$2:$A$12,Firm_Info!$C$2:$C$12)="Treated",1,IF(_xlfn.XLOOKUP($A1885,Firm_Info!$A$2:$A$12,Firm_Info!$C$2:$C$12)="Control",0,"")) -> 0 | F1885: =IFERROR(_xlfn.XLOOKUP($A1885,Firm_Info!$A$2:$A$11,Firm_Info!$D$2:$D$11),"") -> 2 | G1885: =IF($F1885="","",IF($B1885>=SUMIFS(Firm_Info!$F$2:$F$11,Firm_Info!$D$2:$D$11,$F1885,Firm_Info!$C$2:$C$11,"Treated"),1,0)) -> 0 | H1885: =IF($F1885="","",$E1885*$G1885) -> 0 | I1885: =IF($F1885="","",MOD(ROW()-2,624)-INDEX(Parallel_Trends!$F$5:$F$14,MATCH($A1885,Parallel_Trends!$A$5:$A$14,0))) -> -318
A1886: ADBE | B1886: =Raw_Prices!V15 -> 44946 | C1886: =Raw_Prices!Z15 -> 356.38 | D1886: =C1886/C1885-1 -> 0.040434415 | E1886: =IF(_xlfn.XLOOKUP($A1886,Firm_Info!$A$2:$A$12,Firm_Info!$C$2:$C$12)="Treated",1,IF(_xlfn.XLOOKUP($A1886,Firm_Info!$A$2:$A$12,Firm_Info!$C$2:$C$12)="Control",0,"")) -> 0 | F1886: =IFERROR(_xlfn.XLOOKUP($A1886,Firm_Info!$A$2:$A$11,Firm_Info!$D$2:$D$11),"") -> 2 | G1886: =IF($F1886="","",IF($B1886>=SUMIFS(Firm_Info!$F$2:$F$11,Firm_Info!$D$2:$D$11,$F1886,Firm_Info!$C$2:$C$11,"Treated"),1,0)) -> 0 | H1886: =IF($F1886="","",$E1886*$G1886) -> 0 | I1886: =IF($F1886="","",MOD(ROW()-2,624)-INDEX(Parallel_Trends!$F$5:$F$14,MATCH($A1886,Parallel_Trends!$A$5:$A$14,0))) -> -317
... A2497: ADBE | B2497: =Raw_Prices!V626 -> 45838 | C2497: =Raw_Prices!Z626 -> 386.88 | D2497: =C2497/C2496-1 -> 0.0027214058 | E2497: =IF(_xlfn.XLOOKUP($A2497,Firm_Info!$A$2:$A$12,Firm_Info!$C$2:$C$12)="Treated",1,IF(_xlfn.XLOOKUP($A2497,Firm_Info!$A$2:$A$12,Firm_Info!$C$2:$C$12)="Control",0,"")) -> 0 | F2497: =IFERROR(_xlfn.XLOOKUP($A2497,Firm_Info!$A$2:$A$11,Firm_Info!$D$2:$D$11),"") -> 2 | G2497: =IF($F2497="","",IF($B2497>=SUMIFS(Firm_Info!$F$2:$F$11,Firm_Info!$D$2:$D$11,$F2497,Firm_Info!$C$2:$C$11,"Treated"),1,0)) -> 1 | H2497: =IF($F2497="","",$E2497*$G2497) -> 0 | I2497: =IF($F2497="","",MOD(ROW()-2,624)-INDEX(Parallel_Trends!$F$5:$F$14,MATCH($A2497,Parallel_Trends!$A$5:$A$14,0))) -> 294
A2498: CRM | B2498: =Raw_Prices!AC3 -> 44929 | C2498: =Raw_Prices!AG3 -> 134.78 | E2498: =IF(_xlfn.XLOOKUP($A2498,Firm_Info!$A$2:$A$12,Firm_Info!$C$2:$C$12)="Treated",1,IF(_xlfn.XLOOKUP($A2498,Firm_Info!$A$2:$A$12,Firm_Info!$C$2:$C$12)="Control",0,"")) -> 1 | F2498: =IFERROR(_xlfn.XLOOKUP($A2498,Firm_Info!$A$2:$A$11,Firm_Info!$D$2:$D$11),"") -> 3 | G2498: =IF($F2498="","",IF($B2498>=SUMIFS(Firm_Info!$F$2:$F$11,Firm_Info!$D$2:$D$11,$F2498,Firm_Info!$C$2:$C$11,"Treated"),1,0)) -> 0 | H2498: =IF($F2498="","",$E2498*$G2498) -> 0 | I2498: =IF($F2498="","",MOD(ROW()-2,624)-INDEX(Parallel_Trends!$F$5:$F$14,MATCH($A2498,Parallel_Trends!$A$5:$A$14,0))) -> -289
A2499: CRM | B2499: =Raw_Prices!AC4 -> 44930 | C2499: =Raw_Prices!AG4 -> 139.59 | D2499: =C2499/C2498-1 -> 0.035687788 | E2499: =IF(_xlfn.XLOOKUP($A2499,Firm_Info!$A$2:$A$12,Firm_Info!$C$2:$C$12)="Treated",1,IF(_xlfn.XLOOKUP($A2499,Firm_Info!$A$2:$A$12,Firm_Info!$C$2:$C$12)="Control",0,"")) -> 1 | F2499: =IFERROR(_xlfn.XLOOKUP($A2499,Firm_Info!$A$2:$A$11,Firm_Info!$D$2:$D$11),"") -> 3 | G2499: =IF($F2499="","",IF($B2499>=SUMIFS(Firm_Info!$F$2:$F$11,Firm_Info!$D$2:$D$11,$F2499,Firm_Info!$C$2:$C$11,"Treated"),1,0)) -> 0 | H2499: =IF($F2499="","",$E2499*$G2499) -> 0 | I2499: =IF($F2499="","",MOD(ROW()-2,624)-INDEX(Parallel_Trends!$F$5:$F$14,MATCH($A2499,Parallel_Trends!$A$5:$A$14,0))) -> -288
A2500: CRM | B2500: =Raw_Prices!AC5 -> 44931 | C2500: =Raw_Prices!AG5 -> 136.34 | D2500: =C2500/C2499-1 -> -0.02328247 | E2500: =IF(_xlfn.XLOOKUP($A2500,Firm_Info!$A$2:$A$12,Firm_Info!$C$2:$C$12)="Treated",1,IF(_xlfn.XLOOKUP($A2500,Firm_Info!$A$2:$A$12,Firm_Info!$C$2:$C$12)="Control",0,"")) -> 1 | F2500: =IFERROR(_xlfn.XLOOKUP($A2500,Firm_Info!$A$2:$A$11,Firm_Info!$D$2:$D$11),"") -> 3 | G2500: =IF($F2500="","",IF($B2500>=SUMIFS(Firm_Info!$F$2:$F$11,Firm_Info!$D$2:$D$11,$F2500,Firm_Info!$C$2:$C$11,"Treated"),1,0)) -> 0 | H2500: =IF($F2500="","",$E2500*$G2500) -> 0 | I2500: =IF($F2500="","",MOD(ROW()-2,624)-INDEX(Parallel_Trends!$F$5:$F$14,MATCH($A2500,Parallel_Trends!$A$5:$A$14,0))) -> -287
A2501: CRM | B2501: =Raw_Prices!AC6 -> 44932 | C2501: =Raw_Prices!AG6 -> 140.51 | D2501: =C2501/C2500-1 -> 0.030585301 | E2501: =IF(_xlfn.XLOOKUP($A2501,Firm_Info!$A$2:$A$12,Firm_Info!$C$2:$C$12)="Treated",1,IF(_xlfn.XLOOKUP($A2501,Firm_Info!$A$2:$A$12,Firm_Info!$C$2:$C$12)="Control",0,"")) -> 1 | F2501: =IFERROR(_xlfn.XLOOKUP($A2501,Firm_Info!$A$2:$A$11,Firm_Info!$D$2:$D$11),"") -> 3 | G2501: =IF($F2501="","",IF($B2501>=SUMIFS(Firm_Info!$F$2:$F$11,Firm_Info!$D$2:$D$11,$F2501,Firm_Info!$C$2:$C$11,"Treated"),1,0)) -> 0 | H2501: =IF($F2501="","",$E2501*$G2501) -> 0 | I2501: =IF($F2501="","",MOD(ROW()-2,624)-INDEX(Parallel_Trends!$F$5:$F$14,MATCH($A2501,Parallel_Trends!$A$5:$A$14,0))) -> -286
A2502: CRM | B2502: =Raw_Prices!AC7 -> 44935 | C2502: =Raw_Prices!AG7 -> 147.1 | D2502: =C2502/C2501-1 -> 0.046900576 | E2502: =IF(_xlfn.XLOOKUP($A2502,Firm_Info!$A$2:$A$12,Firm_Info!$C$2:$C$12)="Treated",1,IF(_xlfn.XLOOKUP($A2502,Firm_Info!$A$2:$A$12,Firm_Info!$C$2:$C$12)="Control",0,"")) -> 1 | F2502: =IFERROR(_xlfn.XLOOKUP($A2502,Firm_Info!$A$2:$A$11,Firm_Info!$D$2:$D$11),"") -> 3 | G2502: =IF($F2502="","",IF($B2502>=SUMIFS(Firm_Info!$F$2:$F$11,Firm_Info!$D$2:$D$11,$F2502,Firm_Info!$C$2:$C$11,"Treated"),1,0)) -> 0 | H2502: =IF($F2502="","",$E2502*$G2502) -> 0 | I2502: =IF($F2502="","",MOD(ROW()-2,624)-INDEX(Parallel_Trends!$F$5:$F$14,MATCH($A2502,Parallel_Trends!$A$5:$A$14,0))) -> -285
A2503: CRM | B2503: =Raw_Prices!AC8 -> 44936 | C2503: =Raw_Prices!AG8 -> 147.44 | D2503: =C2503/C2502-1 -> 0.0023113528 | E2503: =IF(_xlfn.XLOOKUP($A2503,Firm_Info!$A$2:$A$12,Firm_Info!$C$2:$C$12)="Treated",1,IF(_xlfn.XLOOKUP($A2503,Firm_Info!$A$2:$A$12,Firm_Info!$C$2:$C$12)="Control",0,"")) -> 1 | F2503: =IFERROR(_xlfn.XLOOKUP($A2503,Firm_Info!$A$2:$A$11,Firm_Info!$D$2:$D$11),"") -> 3 | G2503: =IF($F2503="","",IF($B2503>=SUMIFS(Firm_Info!$F$2:$F$11,Firm_Info!$D$2:$D$11,$F2503,Firm_Info!$C$2:$C$11,"Treated"),1,0)) -> 0 | H2503: =IF($F2503="","",$E2503*$G2503) -> 0 | I2503: =IF($F2503="","",MOD(ROW()-2,624)-INDEX(Parallel_Trends!$F$5:$F$14,MATCH($A2503,Parallel_Trends!$A$5:$A$14,0))) -> -284
A2504: CRM | B2504: =Raw_Prices!AC9 -> 44937 | C2504: =Raw_Prices!AG9 -> 144.9 | D2504: =C2504/C2503-1 -> -0.017227347 | E2504: =IF(_xlfn.XLOOKUP($A2504,Firm_Info!$A$2:$A$12,Firm_Info!$C$2:$C$12)="Treated",1,IF(_xlfn.XLOOKUP($A2504,Firm_Info!$A$2:$A$12,Firm_Info!$C$2:$C$12)="Control",0,"")) -> 1 | F2504: =IFERROR(_xlfn.XLOOKUP($A2504,Firm_Info!$A$2:$A$11,Firm_Info!$D$2:$D$11),"") -> 3 | G2504: =IF($F2504="","",IF($B2504>=SUMIFS(Firm_Info!$F$2:$F$11,Firm_Info!$D$2:$D$11,$F2504,Firm_Info!$C$2:$C$11,"Treated"),1,0)) -> 0 | H2504: =IF($F2504="","",$E2504*$G2504) -> 0 | I2504: =IF($F2504="","",MOD(ROW()-2,624)-INDEX(Parallel_Trends!$F$5:$F$14,MATCH($A2504,Parallel_Trends!$A$5:$A$14,0))) -> -283
A2505: CRM | B2505: =Raw_Prices!AC10 -> 44938 | C2505: =Raw_Prices!AG10 -> 149.6 | D2505: =C2505/C2504-1 -> 0.032436163 | E2505: =IF(_xlfn.XLOOKUP($A2505,Firm_Info!$A$2:$A$12,Firm_Info!$C$2:$C$12)="Treated",1,IF(_xlfn.XLOOKUP($A2505,Firm_Info!$A$2:$A$12,Firm_Info!$C$2:$C$12)="Control",0,"")) -> 1 | F2505: =IFERROR(_xlfn.XLOOKUP($A2505,Firm_Info!$A$2:$A$11,Firm_Info!$D$2:$D$11),"") -> 3 | G2505: =IF($F2505="","",IF($B2505>=SUMIFS(Firm_Info!$F$2:$F$11,Firm_Info!$D$2:$D$11,$F2505,Firm_Info!$C$2:$C$11,"Treated"),1,0)) -> 0 | H2505: =IF($F2505="","",$E2505*$G2505) -> 0 | I2505: =IF($F2505="","",MOD(ROW()-2,624)-INDEX(Parallel_Trends!$F$5:$F$14,MATCH($A2505,Parallel_Trends!$A$5:$A$14,0))) -> -282
A2506: CRM | B2506: =Raw_Prices!AC11 -> 44939 | C2506: =Raw_Prices!AG11 -> 149.51 | D2506: =C2506/C2505-1 -> -0.00060160428 | E2506: =IF(_xlfn.XLOOKUP($A2506,Firm_Info!$A$2:$A$12,Firm_Info!$C$2:$C$12)="Treated",1,IF(_xlfn.XLOOKUP($A2506,Firm_Info!$A$2:$A$12,Firm_Info!$C$2:$C$12)="Control",0,"")) -> 1 | F2506: =IFERROR(_xlfn.XLOOKUP($A2506,Firm_Info!$A$2:$A$11,Firm_Info!$D$2:$D$11),"") -> 3 | G2506: =IF($F2506="","",IF($B2506>=SUMIFS(Firm_Info!$F$2:$F$11,Firm_Info!$D$2:$D$11,$F2506,Firm_Info!$C$2:$C$11,"Treated"),1,0)) -> 0 | H2506: =IF($F2506="","",$E2506*$G2506) -> 0 | I2506: =IF($F2506="","",MOD(ROW()-2,624)-INDEX(Parallel_Trends!$F$5:$F$14,MATCH($A2506,Parallel_Trends!$A$5:$A$14,0))) -> -281
A2507: CRM | B2507: =Raw_Prices!AC12 -> 44943 | C2507: =Raw_Prices!AG12 -> 148.47 | D2507: =C2507/C2506-1 -> -0.0069560565 | E2507: =IF(_xlfn.XLOOKUP($A2507,Firm_Info!$A$2:$A$12,Firm_Info!$C$2:$C$12)="Treated",1,IF(_xlfn.XLOOKUP($A2507,Firm_Info!$A$2:$A$12,Firm_Info!$C$2:$C$12)="Control",0,"")) -> 1 | F2507: =IFERROR(_xlfn.XLOOKUP($A2507,Firm_Info!$A$2:$A$11,Firm_Info!$D$2:$D$11),"") -> 3 | G2507: =IF($F2507="","",IF($B2507>=SUMIFS(Firm_Info!$F$2:$F$11,Firm_Info!$D$2:$D$11,$F2507,Firm_Info!$C$2:$C$11,"Treated"),1,0)) -> 0 | H2507: =IF($F2507="","",$E2507*$G2507) -> 0 | I2507: =IF($F2507="","",MOD(ROW()-2,624)-INDEX(Parallel_Trends!$F$5:$F$14,MATCH($A2507,Parallel_Trends!$A$5:$A$14,0))) -> -280
A2508: CRM | B2508: =Raw_Prices!AC13 -> 44944 | C2508: =Raw_Prices!AG13 -> 145.45 | D2508: =C2508/C2507-1 -> -0.02034081 | E2508: =IF(_xlfn.XLOOKUP($A2508,Firm_Info!$A$2:$A$12,Firm_Info!$C$2:$C$12)="Treated",1,IF(_xlfn.XLOOKUP($A2508,Firm_Info!$A$2:$A$12,Firm_Info!$C$2:$C$12)="Control",0,"")) -> 1 | F2508: =IFERROR(_xlfn.XLOOKUP($A2508,Firm_Info!$A$2:$A$11,Firm_Info!$D$2:$D$11),"") -> 3 | G2508: =IF($F2508="","",IF($B2508>=SUMIFS(Firm_Info!$F$2:$F$11,Firm_Info!$D$2:$D$11,$F2508,Firm_Info!$C$2:$C$11,"Treated"),1,0)) -> 0 | H2508: =IF($F2508="","",$E2508*$G2508) -> 0 | I2508: =IF($F2508="","",MOD(ROW()-2,624)-INDEX(Parallel_Trends!$F$5:$F$14,MATCH($A2508,Parallel_Trends!$A$5:$A$14,0))) -> -279
A2509: CRM | B2509: =Raw_Prices!AC14 -> 44945 | C2509: =Raw_Prices!AG14 -> 146.41 | D2509: =C2509/C2508-1 -> 0.0066002063 | E2509: =IF(_xlfn.XLOOKUP($A2509,Firm_Info!$A$2:$A$12,Firm_Info!$C$2:$C$12)="Treated",1,IF(_xlfn.XLOOKUP($A2509,Firm_Info!$A$2:$A$12,Firm_Info!$C$2:$C$12)="Control",0,"")) -> 1 | F2509: =IFERROR(_xlfn.XLOOKUP($A2509,Firm_Info!$A$2:$A$11,Firm_Info!$D$2:$D$11),"") -> 3 | G2509: =IF($F2509="","",IF($B2509>=SUMIFS(Firm_Info!$F$2:$F$11,Firm_Info!$D$2:$D$11,$F2509,Firm_Info!$C$2:$C$11,"Treated"),1,0)) -> 0 | H2509: =IF($F2509="","",$E2509*$G2509) -> 0 | I2509: =IF($F2509="","",MOD(ROW()-2,624)-INDEX(Parallel_Trends!$F$5:$F$14,MATCH($A2509,Parallel_Trends!$A$5:$A$14,0))) -> -278
A2510: CRM | B2510: =Raw_Prices!AC15 -> 44946 | C2510: =Raw_Prices!AG15 -> 151.25 | D2510: =C2510/C2509-1 -> 0.033057851 | E2510: =IF(_xlfn.XLOOKUP($A2510,Firm_Info!$A$2:$A$12,Firm_Info!$C$2:$C$12)="Treated",1,IF(_xlfn.XLOOKUP($A2510,Firm_Info!$A$2:$A$12,Firm_Info!$C$2:$C$12)="Control",0,"")) -> 1 | F2510: =IFERROR(_xlfn.XLOOKUP($A2510,Firm_Info!$A$2:$A$11,Firm_Info!$D$2:$D$11),"") -> 3 | G2510: =IF($F2510="","",IF($B2510>=SUMIFS(Firm_Info!$F$2:$F$11,Firm_Info!$D$2:$D$11,$F2510,Firm_Info!$C$2:$C$11,"Treated"),1,0)) -> 0 | H2510: =IF($F2510="","",$E2510*$G2510) -> 0 | I2510: =IF($F2510="","",MOD(ROW()-2,624)-INDEX(Parallel_Trends!$F$5:$F$14,MATCH($A2510,Parallel_Trends!$A$5:$A$14,0))) -> -277
... A3121: CRM | B3121: =Raw_Prices!AC626 -> 45838 | C3121: =Raw_Prices!AG626 -> 272.69 | D3121: =C3121/C3120-1 -> -0.0026698852 | E3121: =IF(_xlfn.XLOOKUP($A3121,Firm_Info!$A$2:$A$12,Firm_Info!$C$2:$C$12)="Treated",1,IF(_xlfn.XLOOKUP($A3121,Firm_Info!$A$2:$A$12,Firm_Info!$C$2:$C$12)="Control",0,"")) -> 1 | F3121: =IFERROR(_xlfn.XLOOKUP($A3121,Firm_Info!$A$2:$A$11,Firm_Info!$D$2:$D$11),"") -> 3 | G3121: =IF($F3121="","",IF($B3121>=SUMIFS(Firm_Info!$F$2:$F$11,Firm_Info!$D$2:$D$11,$F3121,Firm_Info!$C$2:$C$11,"Treated"),1,0)) -> 1 | H3121: =IF($F3121="","",$E3121*$G3121) -> 1 | I3121: =IF($F3121="","",MOD(ROW()-2,624)-INDEX(Parallel_Trends!$F$5:$F$14,MATCH($A3121,Parallel_Trends!$A$5:$A$14,0))) -> 334
A3122: NOW | B3122: =Raw_Prices!AJ3 -> 44929 | C3122: =Raw_Prices!AN3 -> 77.1 | E3122: =IF(_xlfn.XLOOKUP($A3122,Firm_Info!$A$2:$A$12,Firm_Info!$C$2:$C$12)="Treated",1,IF(_xlfn.XLOOKUP($A3122,Firm_Info!$A$2:$A$12,Firm_Info!$C$2:$C$12)="Control",0,"")) -> 0 | F3122: =IFERROR(_xlfn.XLOOKUP($A3122,Firm_Info!$A$2:$A$11,Firm_Info!$D$2:$D$11),"") -> 3 | G3122: =IF($F3122="","",IF($B3122>=SUMIFS(Firm_Info!$F$2:$F$11,Firm_Info!$D$2:$D$11,$F3122,Firm_Info!$C$2:$C$11,"Treated"),1,0)) -> 0 | H3122: =IF($F3122="","",$E3122*$G3122) -> 0 | I3122: =IF($F3122="","",MOD(ROW()-2,624)-INDEX(Parallel_Trends!$F$5:$F$14,MATCH($A3122,Parallel_Trends!$A$5:$A$14,0))) -> -289
A3123: NOW | B3123: =Raw_Prices!AJ4 -> 44930 | C3123: =Raw_Prices!AN4 -> 78.77 | D3123: =C3123/C3122-1 -> 0.021660182 | E3123: =IF(_xlfn.XLOOKUP($A3123,Firm_Info!$A$2:$A$12,Firm_Info!$C$2:$C$12)="Treated",1,IF(_xlfn.XLOOKUP($A3123,Firm_Info!$A$2:$A$12,Firm_Info!$C$2:$C$12)="Control",0,"")) -> 0 | F3123: =IFERROR(_xlfn.XLOOKUP($A3123,Firm_Info!$A$2:$A$11,Firm_Info!$D$2:$D$11),"") -> 3 | G3123: =IF($F3123="","",IF($B3123>=SUMIFS(Firm_Info!$F$2:$F$11,Firm_Info!$D$2:$D$11,$F3123,Firm_Info!$C$2:$C$11,"Treated"),1,0)) -> 0 | H3123: =IF($F3123="","",$E3123*$G3123) -> 0 | I3123: =IF($F3123="","",MOD(ROW()-2,624)-INDEX(Parallel_Trends!$F$5:$F$14,MATCH($A3123,Parallel_Trends!$A$5:$A$14,0))) -> -288
A3124: NOW | B3124: =Raw_Prices!AJ5 -> 44931 | C3124: =Raw_Prices!AN5 -> 73.264 | D3124: =C3124/C3123-1 -> -0.069899708 | E3124: =IF(_xlfn.XLOOKUP($A3124,Firm_Info!$A$2:$A$12,Firm_Info!$C$2:$C$12)="Treated",1,IF(_xlfn.XLOOKUP($A3124,Firm_Info!$A$2:$A$12,Firm_Info!$C$2:$C$12)="Control",0,"")) -> 0 | F3124: =IFERROR(_xlfn.XLOOKUP($A3124,Firm_Info!$A$2:$A$11,Firm_Info!$D$2:$D$11),"") -> 3 | G3124: =IF($F3124="","",IF($B3124>=SUMIFS(Firm_Info!$F$2:$F$11,Firm_Info!$D$2:$D$11,$F3124,Firm_Info!$C$2:$C$11,"Treated"),1,0)) -> 0 | H3124: =IF($F3124="","",$E3124*$G3124) -> 0 | I3124: =IF($F3124="","",MOD(ROW()-2,624)-INDEX(Parallel_Trends!$F$5:$F$14,MATCH($A3124,Parallel_Trends!$A$5:$A$14,0))) -> -287
A3125: NOW | B3125: =Raw_Prices!AJ6 -> 44932 | C3125: =Raw_Prices!AN6 -> 73.306 | D3125: =C3125/C3124-1 -> 0.00057326927 | E3125: =IF(_xlfn.XLOOKUP($A3125,Firm_Info!$A$2:$A$12,Firm_Info!$C$2:$C$12)="Treated",1,IF(_xlfn.XLOOKUP($A3125,Firm_Info!$A$2:$A$12,Firm_Info!$C$2:$C$12)="Control",0,"")) -> 0 | F3125: =IFERROR(_xlfn.XLOOKUP($A3125,Firm_Info!$A$2:$A$11,Firm_Info!$D$2:$D$11),"") -> 3 | G3125: =IF($F3125="","",IF($B3125>=SUMIFS(Firm_Info!$F$2:$F$11,Firm_Info!$D$2:$D$11,$F3125,Firm_Info!$C$2:$C$11,"Treated"),1,0)) -> 0 | H3125: =IF($F3125="","",$E3125*$G3125) -> 0 | I3125: =IF($F3125="","",MOD(ROW()-2,624)-INDEX(Parallel_Trends!$F$5:$F$14,MATCH($A3125,Parallel_Trends!$A$5:$A$14,0))) -> -286
A3126: NOW | B3126: =Raw_Prices!AJ7 -> 44935 | C3126: =Raw_Prices!AN7 -> 75.712 | D3126: =C3126/C3125-1 -> 0.032821324 | E3126: =IF(_xlfn.XLOOKUP($A3126,Firm_Info!$A$2:$A$12,Firm_Info!$C$2:$C$12)="Treated",1,IF(_xlfn.XLOOKUP($A3126,Firm_Info!$A$2:$A$12,Firm_Info!$C$2:$C$12)="Control",0,"")) -> 0 | F3126: =IFERROR(_xlfn.XLOOKUP($A3126,Firm_Info!$A$2:$A$11,Firm_Info!$D$2:$D$11),"") -> 3 | G3126: =IF($F3126="","",IF($B3126>=SUMIFS(Firm_Info!$F$2:$F$11,Firm_Info!$D$2:$D$11,$F3126,Firm_Info!$C$2:$C$11,"Treated"),1,0)) -> 0 | H3126: =IF($F3126="","",$E3126*$G3126) -> 0 | I3126: =IF($F3126="","",MOD(ROW()-2,624)-INDEX(Parallel_Trends!$F$5:$F$14,MATCH($A3126,Parallel_Trends!$A$5:$A$14,0))) -> -285
A3127: NOW | B3127: =Raw_Prices!AJ8 -> 44936 | C3127: =Raw_Prices!AN8 -> 76.168 | D3127: =C3127/C3126-1 -> 0.0060228233 | E3127: =IF(_xlfn.XLOOKUP($A3127,Firm_Info!$A$2:$A$12,Firm_Info!$C$2:$C$12)="Treated",1,IF(_xlfn.XLOOKUP($A3127,Firm_Info!$A$2:$A$12,Firm_Info!$C$2:$C$12)="Control",0,"")) -> 0 | F3127: =IFERROR(_xlfn.XLOOKUP($A3127,Firm_Info!$A$2:$A$11,Firm_Info!$D$2:$D$11),"") -> 3 | G3127: =IF($F3127="","",IF($B3127>=SUMIFS(Firm_Info!$F$2:$F$11,Firm_Info!$D$2:$D$11,$F3127,Firm_Info!$C$2:$C$11,"Treated"),1,0)) -> 0 | H3127: =IF($F3127="","",$E3127*$G3127) -> 0 | I3127: =IF($F3127="","",MOD(ROW()-2,624)-INDEX(Parallel_Trends!$F$5:$F$14,MATCH($A3127,Parallel_Trends!$A$5:$A$14,0))) -> -284
A3128: NOW | B3128: =Raw_Prices!AJ9 -> 44937 | C3128: =Raw_Prices!AN9 -> 78.756 | D3128: =C3128/C3127-1 -> 0.033977523 | E3128: =IF(_xlfn.XLOOKUP($A3128,Firm_Info!$A$2:$A$12,Firm_Info!$C$2:$C$12)="Treated",1,IF(_xlfn.XLOOKUP($A3128,Firm_Info!$A$2:$A$12,Firm_Info!$C$2:$C$12)="Control",0,"")) -> 0 | F3128: =IFERROR(_xlfn.XLOOKUP($A3128,Firm_Info!$A$2:$A$11,Firm_Info!$D$2:$D$11),"") -> 3 | G3128: =IF($F3128="","",IF($B3128>=SUMIFS(Firm_Info!$F$2:$F$11,Firm_Info!$D$2:$D$11,$F3128,Firm_Info!$C$2:$C$11,"Treated"),1,0)) -> 0 | H3128: =IF($F3128="","",$E3128*$G3128) -> 0 | I3128: =IF($F3128="","",MOD(ROW()-2,624)-INDEX(Parallel_Trends!$F$5:$F$14,MATCH($A3128,Parallel_Trends!$A$5:$A$14,0))) -> -283
A3129: NOW | B3129: =Raw_Prices!AJ10 -> 44938 | C3129: =Raw_Prices!AN10 -> 82.652 | D3129: =C3129/C3128-1 -> 0.049469247 | E3129: =IF(_xlfn.XLOOKUP($A3129,Firm_Info!$A$2:$A$12,Firm_Info!$C$2:$C$12)="Treated",1,IF(_xlfn.XLOOKUP($A3129,Firm_Info!$A$2:$A$12,Firm_Info!$C$2:$C$12)="Control",0,"")) -> 0 | F3129: =IFERROR(_xlfn.XLOOKUP($A3129,Firm_Info!$A$2:$A$11,Firm_Info!$D$2:$D$11),"") -> 3 | G3129: =IF($F3129="","",IF($B3129>=SUMIFS(Firm_Info!$F$2:$F$11,Firm_Info!$D$2:$D$11,$F3129,Firm_Info!$C$2:$C$11,"Treated"),1,0)) -> 0 | H3129: =IF($F3129="","",$E3129*$G3129) -> 0 | I3129: =IF($F3129="","",MOD(ROW()-2,624)-INDEX(Parallel_Trends!$F$5:$F$14,MATCH($A3129,Parallel_Trends!$A$5:$A$14,0))) -> -282
A3130: NOW | B3130: =Raw_Prices!AJ11 -> 44939 | C3130: =Raw_Prices!AN11 -> 82.978 | D3130: =C3130/C3129-1 -> 0.0039442482 | E3130: =IF(_xlfn.XLOOKUP($A3130,Firm_Info!$A$2:$A$12,Firm_Info!$C$2:$C$12)="Treated",1,IF(_xlfn.XLOOKUP($A3130,Firm_Info!$A$2:$A$12,Firm_Info!$C$2:$C$12)="Control",0,"")) -> 0 | F3130: =IFERROR(_xlfn.XLOOKUP($A3130,Firm_Info!$A$2:$A$11,Firm_Info!$D$2:$D$11),"") -> 3 | G3130: =IF($F3130="","",IF($B3130>=SUMIFS(Firm_Info!$F$2:$F$11,Firm_Info!$D$2:$D$11,$F3130,Firm_Info!$C$2:$C$11,"Treated"),1,0)) -> 0 | H3130: =IF($F3130="","",$E3130*$G3130) -> 0 | I3130: =IF($F3130="","",MOD(ROW()-2,624)-INDEX(Parallel_Trends!$F$5:$F$14,MATCH($A3130,Parallel_Trends!$A$5:$A$14,0))) -> -281
A3131: NOW | B3131: =Raw_Prices!AJ12 -> 44943 | C3131: =Raw_Prices!AN12 -> 83.648 | D3131: =C3131/C3130-1 -> 0.0080744294 | E3131: =IF(_xlfn.XLOOKUP($A3131,Firm_Info!$A$2:$A$12,Firm_Info!$C$2:$C$12)="Treated",1,IF(_xlfn.XLOOKUP($A3131,Firm_Info!$A$2:$A$12,Firm_Info!$C$2:$C$12)="Control",0,"")) -> 0 | F3131: =IFERROR(_xlfn.XLOOKUP($A3131,Firm_Info!$A$2:$A$11,Firm_Info!$D$2:$D$11),"") -> 3 | G3131: =IF($F3131="","",IF($B3131>=SUMIFS(Firm_Info!$F$2:$F$11,Firm_Info!$D$2:$D$11,$F3131,Firm_Info!$C$2:$C$11,"Treated"),1,0)) -> 0 | H3131: =IF($F3131="","",$E3131*$G3131) -> 0 | I3131: =IF($F3131="","",MOD(ROW()-2,624)-INDEX(Parallel_Trends!$F$5:$F$14,MATCH($A3131,Parallel_Trends!$A$5:$A$14,0))) -> -280
A3132: NOW | B3132: =Raw_Prices!AJ13 -> 44944 | C3132: =Raw_Prices!AN13 -> 83.24 | D3132: =C3132/C3131-1 -> -0.0048775822 | E3132: =IF(_xlfn.XLOOKUP($A3132,Firm_Info!$A$2:$A$12,Firm_Info!$C$2:$C$12)="Treated",1,IF(_xlfn.XLOOKUP($A3132,Firm_Info!$A$2:$A$12,Firm_Info!$C$2:$C$12)="Control",0,"")) -> 0 | F3132: =IFERROR(_xlfn.XLOOKUP($A3132,Firm_Info!$A$2:$A$11,Firm_Info!$D$2:$D$11),"") -> 3 | G3132: =IF($F3132="","",IF($B3132>=SUMIFS(Firm_Info!$F$2:$F$11,Firm_Info!$D$2:$D$11,$F3132,Firm_Info!$C$2:$C$11,"Treated"),1,0)) -> 0 | H3132: =IF($F3132="","",$E3132*$G3132) -> 0 | I3132: =IF($F3132="","",MOD(ROW()-2,624)-INDEX(Parallel_Trends!$F$5:$F$14,MATCH($A3132,Parallel_Trends!$A$5:$A$14,0))) -> -279
A3133: NOW | B3133: =Raw_Prices!AJ14 -> 44945 | C3133: =Raw_Prices!AN14 -> 85.686 | D3133: =C3133/C3132-1 -> 0.029384911 | E3133: =IF(_xlfn.XLOOKUP($A3133,Firm_Info!$A$2:$A$12,Firm_Info!$C$2:$C$12)="Treated",1,IF(_xlfn.XLOOKUP($A3133,Firm_Info!$A$2:$A$12,Firm_Info!$C$2:$C$12)="Control",0,"")) -> 0 | F3133: =IFERROR(_xlfn.XLOOKUP($A3133,Firm_Info!$A$2:$A$11,Firm_Info!$D$2:$D$11),"") -> 3 | G3133: =IF($F3133="","",IF($B3133>=SUMIFS(Firm_Info!$F$2:$F$11,Firm_Info!$D$2:$D$11,$F3133,Firm_Info!$C$2:$C$11,"Treated"),1,0)) -> 0 | H3133: =IF($F3133="","",$E3133*$G3133) -> 0 | I3133: =IF($F3133="","",MOD(ROW()-2,624)-INDEX(Parallel_Trends!$F$5:$F$14,MATCH($A3133,Parallel_Trends!$A$5:$A$14,0))) -> -278
A3134: NOW | B3134: =Raw_Prices!AJ15 -> 44946 | C3134: =Raw_Prices!AN15 -> 88.366 | D3134: =C3134/C3133-1 -> 0.031276988 | E3134: =IF(_xlfn.XLOOKUP($A3134,Firm_Info!$A$2:$A$12,Firm_Info!$C$2:$C$12)="Treated",1,IF(_xlfn.XLOOKUP($A3134,Firm_Info!$A$2:$A$12,Firm_Info!$C$2:$C$12)="Control",0,"")) -> 0 | F3134: =IFERROR(_xlfn.XLOOKUP($A3134,Firm_Info!$A$2:$A$11,Firm_Info!$D$2:$D$11),"") -> 3 | G3134: =IF($F3134="","",IF($B3134>=SUMIFS(Firm_Info!$F$2:$F$11,Firm_Info!$D$2:$D$11,$F3134,Firm_Info!$C$2:$C$11,"Treated"),1,0)) -> 0 | H3134: =IF($F3134="","",$E3134*$G3134) -> 0 | I3134: =IF($F3134="","",MOD(ROW()-2,624)-INDEX(Parallel_Trends!$F$5:$F$14,MATCH($A3134,Parallel_Trends!$A$5:$A$14,0))) -> -277
... A3745: NOW | B3745: =Raw_Prices!AJ626 -> 45838 | C3745: =Raw_Prices!AN626 -> 205.616 | D3745: =C3745/C3744-1 -> 0.0055358854 | E3745: =IF(_xlfn.XLOOKUP($A3745,Firm_Info!$A$2:$A$12,Firm_Info!$C$2:$C$12)="Treated",1,IF(_xlfn.XLOOKUP($A3745,Firm_Info!$A$2:$A$12,Firm_Info!$C$2:$C$12)="Control",0,"")) -> 0 | F3745: =IFERROR(_xlfn.XLOOKUP($A3745,Firm_Info!$A$2:$A$11,Firm_Info!$D$2:$D$11),"") -> 3 | G3745: =IF($F3745="","",IF($B3745>=SUMIFS(Firm_Info!$F$2:$F$11,Firm_Info!$D$2:$D$11,$F3745,Firm_Info!$C$2:$C$11,"Treated"),1,0)) -> 1 | H3745: =IF($F3745="","",$E3745*$G3745) -> 0 | I3745: =IF($F3745="","",MOD(ROW()-2,624)-INDEX(Parallel_Trends!$F$5:$F$14,MATCH($A3745,Parallel_Trends!$A$5:$A$14,0))) -> 334
A3746: BKNG | B3746: =Raw_Prices!AQ3 -> 44929 | C3746: =Raw_Prices!AU3 -> 79.7977 | E3746: =IF(_xlfn.XLOOKUP($A3746,Firm_Info!$A$2:$A$12,Firm_Info!$C$2:$C$12)="Treated",1,IF(_xlfn.XLOOKUP($A3746,Firm_Info!$A$2:$A$12,Firm_Info!$C$2:$C$12)="Control",0,"")) -> 1 | F3746: =IFERROR(_xlfn.XLOOKUP($A3746,Firm_Info!$A$2:$A$11,Firm_Info!$D$2:$D$11),"") -> 4 | G3746: =IF($F3746="","",IF($B3746>=SUMIFS(Firm_Info!$F$2:$F$11,Firm_Info!$D$2:$D$11,$F3746,Firm_Info!$C$2:$C$11,"Treated"),1,0)) -> 0 | H3746: =IF($F3746="","",$E3746*$G3746) -> 0 | I3746: =IF($F3746="","",MOD(ROW()-2,624)-INDEX(Parallel_Trends!$F$5:$F$14,MATCH($A3746,Parallel_Trends!$A$5:$A$14,0))) -> -285
A3747: BKNG | B3747: =Raw_Prices!AQ4 -> 44930 | C3747: =Raw_Prices!AU4 -> 82.8694 | D3747: =C3747/C3746-1 -> 0.038493591 | E3747: =IF(_xlfn.XLOOKUP($A3747,Firm_Info!$A$2:$A$12,Firm_Info!$C$2:$C$12)="Treated",1,IF(_xlfn.XLOOKUP($A3747,Firm_Info!$A$2:$A$12,Firm_Info!$C$2:$C$12)="Control",0,"")) -> 1 | F3747: =IFERROR(_xlfn.XLOOKUP($A3747,Firm_Info!$A$2:$A$11,Firm_Info!$D$2:$D$11),"") -> 4 | G3747: =IF($F3747="","",IF($B3747>=SUMIFS(Firm_Info!$F$2:$F$11,Firm_Info!$D$2:$D$11,$F3747,Firm_Info!$C$2:$C$11,"Treated"),1,0)) -> 0 | H3747: =IF($F3747="","",$E3747*$G3747) -> 0 | I3747: =IF($F3747="","",MOD(ROW()-2,624)-INDEX(Parallel_Trends!$F$5:$F$14,MATCH($A3747,Parallel_Trends!$A$5:$A$14,0))) -> -284
A3748: BKNG | B3748: =Raw_Prices!AQ5 -> 44931 | C3748: =Raw_Prices!AU5 -> 84.2242 | D3748: =C3748/C3747-1 -> 0.016348616 | E3748: =IF(_xlfn.XLOOKUP($A3748,Firm_Info!$A$2:$A$12,Firm_Info!$C$2:$C$12)="Treated",1,IF(_xlfn.XLOOKUP($A3748,Firm_Info!$A$2:$A$12,Firm_Info!$C$2:$C$12)="Control",0,"")) -> 1 | F3748: =IFERROR(_xlfn.XLOOKUP($A3748,Firm_Info!$A$2:$A$11,Firm_Info!$D$2:$D$11),"") -> 4 | G3748: =IF($F3748="","",IF($B3748>=SUMIFS(Firm_Info!$F$2:$F$11,Firm_Info!$D$2:$D$11,$F3748,Firm_Info!$C$2:$C$11,"Treated"),1,0)) -> 0 | H3748: =IF($F3748="","",$E3748*$G3748) -> 0 | I3748: =IF($F3748="","",MOD(ROW()-2,624)-INDEX(Parallel_Trends!$F$5:$F$14,MATCH($A3748,Parallel_Trends!$A$5:$A$14,0))) -> -283
A3749: BKNG | B3749: =Raw_Prices!AQ6 -> 44932 | C3749: =Raw_Prices!AU6 -> 85.5716 | D3749: =C3749/C3748-1 -> 0.015997777 | E3749: =IF(_xlfn.XLOOKUP($A3749,Firm_Info!$A$2:$A$12,Firm_Info!$C$2:$C$12)="Treated",1,IF(_xlfn.XLOOKUP($A3749,Firm_Info!$A$2:$A$12,Firm_Info!$C$2:$C$12)="Control",0,"")) -> 1 | F3749: =IFERROR(_xlfn.XLOOKUP($A3749,Firm_Info!$A$2:$A$11,Firm_Info!$D$2:$D$11),"") -> 4 | G3749: =IF($F3749="","",IF($B3749>=SUMIFS(Firm_Info!$F$2:$F$11,Firm_Info!$D$2:$D$11,$F3749,Firm_Info!$C$2:$C$11,"Treated"),1,0)) -> 0 | H3749: =IF($F3749="","",$E3749*$G3749) -> 0 | I3749: =IF($F3749="","",MOD(ROW()-2,624)-INDEX(Parallel_Trends!$F$5:$F$14,MATCH($A3749,Parallel_Trends!$A$5:$A$14,0))) -> -282
A3750: BKNG | B3750: =Raw_Prices!AQ7 -> 44935 | C3750: =Raw_Prices!AU7 -> 86.7165 | D3750: =C3750/C3749-1 -> 0.013379439 | E3750: =IF(_xlfn.XLOOKUP($A3750,Firm_Info!$A$2:$A$12,Firm_Info!$C$2:$C$12)="Treated",1,IF(_xlfn.XLOOKUP($A3750,Firm_Info!$A$2:$A$12,Firm_Info!$C$2:$C$12)="Control",0,"")) -> 1 | F3750: =IFERROR(_xlfn.XLOOKUP($A3750,Firm_Info!$A$2:$A$11,Firm_Info!$D$2:$D$11),"") -> 4 | G3750: =IF($F3750="","",IF($B3750>=SUMIFS(Firm_Info!$F$2:$F$11,Firm_Info!$D$2:$D$11,$F3750,Firm_Info!$C$2:$C$11,"Treated"),1,0)) -> 0 | H3750: =IF($F3750="","",$E3750*$G3750) -> 0 | I3750: =IF($F3750="","",MOD(ROW()-2,624)-INDEX(Parallel_Trends!$F$5:$F$14,MATCH($A3750,Parallel_Trends!$A$5:$A$14,0))) -> -281
A3751: BKNG | B3751: =Raw_Prices!AQ8 -> 44936 | C3751: =Raw_Prices!AU8 -> 87.2089 | D3751: =C3751/C3750-1 -> 0.0056782735 | E3751: =IF(_xlfn.XLOOKUP($A3751,Firm_Info!$A$2:$A$12,Firm_Info!$C$2:$C$12)="Treated",1,IF(_xlfn.XLOOKUP($A3751,Firm_Info!$A$2:$A$12,Firm_Info!$C$2:$C$12)="Control",0,"")) -> 1 | F3751: =IFERROR(_xlfn.XLOOKUP($A3751,Firm_Info!$A$2:$A$11,Firm_Info!$D$2:$D$11),"") -> 4 | G3751: =IF($F3751="","",IF($B3751>=SUMIFS(Firm_Info!$F$2:$F$11,Firm_Info!$D$2:$D$11,$F3751,Firm_Info!$C$2:$C$11,"Treated"),1,0)) -> 0 | H3751: =IF($F3751="","",$E3751*$G3751) -> 0 | I3751: =IF($F3751="","",MOD(ROW()-2,624)-INDEX(Parallel_Trends!$F$5:$F$14,MATCH($A3751,Parallel_Trends!$A$5:$A$14,0))) -> -280
A3752: BKNG | B3752: =Raw_Prices!AQ9 -> 44937 | C3752: =Raw_Prices!AU9 -> 87.3605 | D3752: =C3752/C3751-1 -> 0.0017383547 | E3752: =IF(_xlfn.XLOOKUP($A3752,Firm_Info!$A$2:$A$12,Firm_Info!$C$2:$C$12)="Treated",1,IF(_xlfn.XLOOKUP($A3752,Firm_Info!$A$2:$A$12,Firm_Info!$C$2:$C$12)="Control",0,"")) -> 1 | F3752: =IFERROR(_xlfn.XLOOKUP($A3752,Firm_Info!$A$2:$A$11,Firm_Info!$D$2:$D$11),"") -> 4 | G3752: =IF($F3752="","",IF($B3752>=SUMIFS(Firm_Info!$F$2:$F$11,Firm_Info!$D$2:$D$11,$F3752,Firm_Info!$C$2:$C$11,"Treated"),1,0)) -> 0 | H3752: =IF($F3752="","",$E3752*$G3752) -> 0 | I3752: =IF($F3752="","",MOD(ROW()-2,624)-INDEX(Parallel_Trends!$F$5:$F$14,MATCH($A3752,Parallel_Trends!$A$5:$A$14,0))) -> -279
A3753: BKNG | B3753: =Raw_Prices!AQ10 -> 44938 | C3753: =Raw_Prices!AU10 -> 88.6155 | D3753: =C3753/C3752-1 -> 0.01436576 | E3753: =IF(_xlfn.XLOOKUP($A3753,Firm_Info!$A$2:$A$12,Firm_Info!$C$2:$C$12)="Treated",1,IF(_xlfn.XLOOKUP($A3753,Firm_Info!$A$2:$A$12,Firm_Info!$C$2:$C$12)="Control",0,"")) -> 1 | F3753: =IFERROR(_xlfn.XLOOKUP($A3753,Firm_Info!$A$2:$A$11,Firm_Info!$D$2:$D$11),"") -> 4 | G3753: =IF($F3753="","",IF($B3753>=SUMIFS(Firm_Info!$F$2:$F$11,Firm_Info!$D$2:$D$11,$F3753,Firm_Info!$C$2:$C$11,"Treated"),1,0)) -> 0 | H3753: =IF($F3753="","",$E3753*$G3753) -> 0 | I3753: =IF($F3753="","",MOD(ROW()-2,624)-INDEX(Parallel_Trends!$F$5:$F$14,MATCH($A3753,Parallel_Trends!$A$5:$A$14,0))) -> -278
A3754: BKNG | B3754: =Raw_Prices!AQ11 -> 44939 | C3754: =Raw_Prices!AU11 -> 90.3656 | D3754: =C3754/C3753-1 -> 0.019749367 | E3754: =IF(_xlfn.XLOOKUP($A3754,Firm_Info!$A$2:$A$12,Firm_Info!$C$2:$C$12)="Treated",1,IF(_xlfn.XLOOKUP($A3754,Firm_Info!$A$2:$A$12,Firm_Info!$C$2:$C$12)="Control",0,"")) -> 1 | F3754: =IFERROR(_xlfn.XLOOKUP($A3754,Firm_Info!$A$2:$A$11,Firm_Info!$D$2:$D$11),"") -> 4 | G3754: =IF($F3754="","",IF($B3754>=SUMIFS(Firm_Info!$F$2:$F$11,Firm_Info!$D$2:$D$11,$F3754,Firm_Info!$C$2:$C$11,"Treated"),1,0)) -> 0 | H3754: =IF($F3754="","",$E3754*$G3754) -> 0 | I3754: =IF($F3754="","",MOD(ROW()-2,624)-INDEX(Parallel_Trends!$F$5:$F$14,MATCH($A3754,Parallel_Trends!$A$5:$A$14,0))) -> -277
A3755: BKNG | B3755: =Raw_Prices!AQ12 -> 44943 | C3755: =Raw_Prices!AU12 -> 91.6487 | D3755: =C3755/C3754-1 -> 0.014198987 | E3755: =IF(_xlfn.XLOOKUP($A3755,Firm_Info!$A$2:$A$12,Firm_Info!$C$2:$C$12)="Treated",1,IF(_xlfn.XLOOKUP($A3755,Firm_Info!$A$2:$A$12,Firm_Info!$C$2:$C$12)="Control",0,"")) -> 1 | F3755: =IFERROR(_xlfn.XLOOKUP($A3755,Firm_Info!$A$2:$A$11,Firm_Info!$D$2:$D$11),"") -> 4 | G3755: =IF($F3755="","",IF($B3755>=SUMIFS(Firm_Info!$F$2:$F$11,Firm_Info!$D$2:$D$11,$F3755,Firm_Info!$C$2:$C$11,"Treated"),1,0)) -> 0 | H3755: =IF($F3755="","",$E3755*$G3755) -> 0 | I3755: =IF($F3755="","",MOD(ROW()-2,624)-INDEX(Parallel_Trends!$F$5:$F$14,MATCH($A3755,Parallel_Trends!$A$5:$A$14,0))) -> -276
A3756: BKNG | B3756: =Raw_Prices!AQ13 -> 44944 | C3756: =Raw_Prices!AU13 -> 90.1736 | D3756: =C3756/C3755-1 -> -0.016095155 | E3756: =IF(_xlfn.XLOOKUP($A3756,Firm_Info!$A$2:$A$12,Firm_Info!$C$2:$C$12)="Treated",1,IF(_xlfn.XLOOKUP($A3756,Firm_Info!$A$2:$A$12,Firm_Info!$C$2:$C$12)="Control",0,"")) -> 1 | F3756: =IFERROR(_xlfn.XLOOKUP($A3756,Firm_Info!$A$2:$A$11,Firm_Info!$D$2:$D$11),"") -> 4 | G3756: =IF($F3756="","",IF($B3756>=SUMIFS(Firm_Info!$F$2:$F$11,Firm_Info!$D$2:$D$11,$F3756,Firm_Info!$C$2:$C$11,"Treated"),1,0)) -> 0 | H3756: =IF($F3756="","",$E3756*$G3756) -> 0 | I3756: =IF($F3756="","",MOD(ROW()-2,624)-INDEX(Parallel_Trends!$F$5:$F$14,MATCH($A3756,Parallel_Trends!$A$5:$A$14,0))) -> -275
A3757: BKNG | B3757: =Raw_Prices!AQ14 -> 44945 | C3757: =Raw_Prices!AU14 -> 90.9176 | D3757: =C3757/C3756-1 -> 0.0082507519 | E3757: =IF(_xlfn.XLOOKUP($A3757,Firm_Info!$A$2:$A$12,Firm_Info!$C$2:$C$12)="Treated",1,IF(_xlfn.XLOOKUP($A3757,Firm_Info!$A$2:$A$12,Firm_Info!$C$2:$C$12)="Control",0,"")) -> 1 | F3757: =IFERROR(_xlfn.XLOOKUP($A3757,Firm_Info!$A$2:$A$11,Firm_Info!$D$2:$D$11),"") -> 4 | G3757: =IF($F3757="","",IF($B3757>=SUMIFS(Firm_Info!$F$2:$F$11,Firm_Info!$D$2:$D$11,$F3757,Firm_Info!$C$2:$C$11,"Treated"),1,0)) -> 0 | H3757: =IF($F3757="","",$E3757*$G3757) -> 0 | I3757: =IF($F3757="","",MOD(ROW()-2,624)-INDEX(Parallel_Trends!$F$5:$F$14,MATCH($A3757,Parallel_Trends!$A$5:$A$14,0))) -> -274
A3758: BKNG | B3758: =Raw_Prices!AQ15 -> 44946 | C3758: =Raw_Prices!AU15 -> 92.052 | D3758: =C3758/C3757-1 -> 0.012477232 | E3758: =IF(_xlfn.XLOOKUP($A3758,Firm_Info!$A$2:$A$12,Firm_Info!$C$2:$C$12)="Treated",1,IF(_xlfn.XLOOKUP($A3758,Firm_Info!$A$2:$A$12,Firm_Info!$C$2:$C$12)="Control",0,"")) -> 1 | F3758: =IFERROR(_xlfn.XLOOKUP($A3758,Firm_Info!$A$2:$A$11,Firm_Info!$D$2:$D$11),"") -> 4 | G3758: =IF($F3758="","",IF($B3758>=SUMIFS(Firm_Info!$F$2:$F$11,Firm_Info!$D$2:$D$11,$F3758,Firm_Info!$C$2:$C$11,"Treated"),1,0)) -> 0 | H3758: =IF($F3758="","",$E3758*$G3758) -> 0 | I3758: =IF($F3758="","",MOD(ROW()-2,624)-INDEX(Parallel_Trends!$F$5:$F$14,MATCH($A3758,Parallel_Trends!$A$5:$A$14,0))) -> -273
... A4369: BKNG | B4369: =Raw_Prices!AQ626 -> 45838 | C4369: =Raw_Prices!AU626 -> 230.206 | D4369: =C4369/C4368-1 -> 0.016882819 | E4369: =IF(_xlfn.XLOOKUP($A4369,Firm_Info!$A$2:$A$12,Firm_Info!$C$2:$C$12)="Treated",1,IF(_xlfn.XLOOKUP($A4369,Firm_Info!$A$2:$A$12,Firm_Info!$C$2:$C$12)="Control",0,"")) -> 1 | F4369: =IFERROR(_xlfn.XLOOKUP($A4369,Firm_Info!$A$2:$A$11,Firm_Info!$D$2:$D$11),"") -> 4 | G4369: =IF($F4369="","",IF($B4369>=SUMIFS(Firm_Info!$F$2:$F$11,Firm_Info!$D$2:$D$11,$F4369,Firm_Info!$C$2:$C$11,"Treated"),1,0)) -> 1 | H4369: =IF($F4369="","",$E4369*$G4369) -> 1 | I4369: =IF($F4369="","",MOD(ROW()-2,624)-INDEX(Parallel_Trends!$F$5:$F$14,MATCH($A4369,Parallel_Trends!$A$5:$A$14,0))) -> 338
A4370: ABNB | B4370: =Raw_Prices!AX3 -> 44929 | C4370: =Raw_Prices!BB3 -> 84.9 | E4370: =IF(_xlfn.XLOOKUP($A4370,Firm_Info!$A$2:$A$12,Firm_Info!$C$2:$C$12)="Treated",1,IF(_xlfn.XLOOKUP($A4370,Firm_Info!$A$2:$A$12,Firm_Info!$C$2:$C$12)="Control",0,"")) -> 0 | F4370: =IFERROR(_xlfn.XLOOKUP($A4370,Firm_Info!$A$2:$A$11,Firm_Info!$D$2:$D$11),"") -> 4 | G4370: =IF($F4370="","",IF($B4370>=SUMIFS(Firm_Info!$F$2:$F$11,Firm_Info!$D$2:$D$11,$F4370,Firm_Info!$C$2:$C$11,"Treated"),1,0)) -> 0 | H4370: =IF($F4370="","",$E4370*$G4370) -> 0 | I4370: =IF($F4370="","",MOD(ROW()-2,624)-INDEX(Parallel_Trends!$F$5:$F$14,MATCH($A4370,Parallel_Trends!$A$5:$A$14,0))) -> -285
...

Sheet DiD_Regression
A1: DiD Regression — Return ~ Post + Treat + Treat×Post
A3: Term | B3: Coefficient | C3: Std Error | D3: t-stat | E3: p-value | F3: Note
A4: Intercept | B4: =E13 -> 0.0020076508 | C4: =E14 -> 0.00057759556 | D4: =B4/C4 -> 3.4758764 | E4: =_xlfn.T.DIST.2T(ABS(D4),$C$16) -> 0.00051266088
A5: Post | B5: =D13 -> -0.0015592742 | C5: =D14 -> 0.00076473182 | D5: =B5/C5 -> -2.0389818 | E5: =_xlfn.T.DIST.2T(ABS(D5),$C$16) -> 0.041493996
A6: Treat | B6: =C13 -> 0.00049255509 | C6: =C14 -> 0.00081684348 | D6: =B6/C6 -> 0.60299812 | E6: =_xlfn.T.DIST.2T(ABS(D6),$C$16) -> 0.5465319
A7: Treat_x_Post | B7: =B13 -> 0.00019069172 | C7: =B14 -> 0.0010814941 | D7: =B7/C7 -> 0.17632248 | E7: =_xlfn.T.DIST.2T(ABS(D7),$C$16) -> 0.86004634 | F7: DiD Estimate
A10: Raw LINEST output
A11: (coefficients run right-to-left: Treat_x_Post, Treat, Post, Intercept)
B12: Treat_x_Post | C12: Treat | D12: Post | E12: Intercept
A13: Coefficient | B13: {=LINEST(_xlfn.CHOOSECOLS(_xlfn.ANCHORARRAY(A31),1),_xlfn.CHOOSECOLS(_xlfn.ANCHORARRAY(A31),2,3,4),TRUE,TRUE)} -> 0.00019069172 | C13: 0.00049255509 | D13: -0.0015592742 | E13: 0.0020076508
A14: Std Error | B14: 0.0010814941 | C14: 0.00081684348 | D14: 0.00076473182 | E14: 0.00057759556
A15: R² | SE-Y | B15: 0.0013829094 | C15: 0.021127685 | D15: #N/A | E15: #N/A
A16: F | df (resid) | B16: 2.8739725 | C16: 6226 | D16: #N/A | E16: #N/A
A17: SS_reg | SS_resid | B17: 0.0038486434 | C17: 2.779156 | D17: #N/A | E17: #N/A
A19: Model Statistics
A20: R² | B20: =B15 -> 0.0013829094
A21: F-statistic | B21: =B16 -> 2.8739725
A22: Residual df | B22: =C16 -> 6226
A23: Observations (n) | B23: =C16+4 -> 6230
A29: Regression input data — filtered: Ticker ≠ SPY and Return present (FILTER spill)
A30: Return | B30: Post | C30: Treat | D30: Treat_x_Post
A31: {=_xlfn._xlws.FILTER(_xlfn.HSTACK(Panel_Data!D2:D6865,Panel_Data!G2:G6865,Panel_Data!E2:E6865,Panel_Data!H2:H6865),(Panel_Data!A2:A6865<>"SPY")*ISNUMBER(Panel_Data!D2:D6865))} -> 0.021083854 | B31: 0 | C31: 1 | D31: 0
A32: -0.0033759912 | B32: 0 | C32: 1 | D32: 0
A33: 0.024263432 | B33: 0 | C33: 1 | D33: 0
A34: -0.0042301184 | B34: 0 | C34: 1 | D34: 0
A35: 0.027187766 | B35: 0 | C35: 1 | D35: 0
A36: -0.00075193624 | B36: 0 | C36: 1 | D36: 0
A37: 0.028745579 | B37: 0 | C37: 1 | D37: 0
A38: 0.0019749835 | B38: 0 | C38: 1 | D38: 0
A39: -0.011826544 | B39: 0 | C39: 1 | D39: 0
A40: -0.017287234 | B40: 0 | C40: 1 | D40: 0
A41: 0.023530296 | B41: 0 | C41: 1 | D41: 0
A42: 0.023650386 | B42: 0 | C42: 1 | D42: 0
A43: 0.027983067 | B43: 0 | C43: 1 | D43: 0
... A6260: 0.019552585 | B6260: 1 | C6260: 0 | D6260: 0

Sheet Sensitivity
A1: Sensitivity Analysis
A3: Effect of event-window length on the DiD estimate (Treat_x_Post). Window = ± trading days around each firm's own cutoff; SPY excluded.
H4: Live LINEST (cols: Treat_x_Post, Treat, Post, Intercept)
A5: Event Window (± trading days): | B5: 5 | H5: {=LINEST(_xlfn._xlws.FILTER(Panel_Data!$D$2:$D$6241,ISNUMBER(Panel_Data!$D$2:$D$6241)*(ABS(Panel_Data!$I$2:$I$6241)<=$B$5)),_xlfn._xlws.FILTER(_xlfn.HSTACK(Panel_Data!$G$2:$G$6241,Panel_Data!$E$2:$E$6241,Panel_Data!$H$2:$H$6241),ISNUMBER(Panel_Data!$D$2:$D$6241)*(ABS(Panel_Data!$I$2:$I$6241)<=$B$5)),TRUE,TRUE)} -> -0.0032561588 | I5: 0.00495997 | J5: 0.0080393817 | K5: -0.0017812355
A6: DiD Coefficient (Treat_x_Post): | B6: =INDEX(_xlfn.ANCHORARRAY($H$5),1,1) -> -0.0032561588 | H6: 0.01208954 | I6: 0.0089287172 | J6: 0.0085485959 | K6: 0.0063135565
A7: p-value: | B7: =_xlfn.T.DIST.2T(ABS(INDEX(_xlfn.ANCHORARRAY($H$5),1,1)/INDEX(_xlfn.ANCHORARRAY($H$5),2,1)),INDEX(_xlfn.ANCHORARRAY($H$5),4,2)) -> 0.78819405 | H7: 0.013744626 | I7: 0.031567782 | J7: #N/A | K7: #N/A
A8: Observations (n): | B8: =INDEX(_xlfn.ANCHORARRAY($H$5),4,2)+4 -> 110 | H8: 0.49241146 | I8: 106 | J8: #N/A | K8: #N/A
H9: 0.0014721008 | I9: 0.10563164 | J9: #N/A | K9: #N/A
A11: Event Window (±td) | B11: DiD Coef (Treat_x_Post) | C11: p-value | D11: n obs
A12: 1 | B12: {=_xlfn.LET(_xlpm.c,ISNUMBER(Panel_Data!$D$2:$D$6241)*(ABS(Panel_Data!$I$2:$I$6241)<=$A12),_xlpm.arr,LINEST(_xlfn._xlws.FILTER(Panel_Data!$D$2:$D$6241,_xlpm.c),_xlfn._xlws.FILTER(_xlfn.HSTACK(Panel_Data!$G$2:$G$6241,Panel_Data!$E$2:$E$6241,Panel_Data!$H$2:$H$6241),_xlpm.c),TRUE,TRUE),INDEX(_xlpm.arr,1,1))} -> 0.0037405216 | C12: {=_xlfn.LET(_xlpm.c,ISNUMBER(Panel_Data!$D$2:$D$6241)*(ABS(Panel_Data!$I$2:$I$6241)<=$A12),_xlpm.arr,LINEST(_xlfn._xlws.FILTER(Panel_Data!$D$2:$D$6241,_xlpm.c),_xlfn._xlws.FILTER(_xlfn.HSTACK(Panel_Data!$G$2:$G$6241,Panel_Data!$E$2:$E$6241,Panel_Data!$H$2:$H$6241),_xlpm.c),TRUE,TRUE),_xlfn.T.DIST.2T(ABS(INDEX(_xlpm.arr,1,1)/INDEX(_xlpm.arr,2,1)),INDEX(_xlpm.arr,4,2)))} -> 0.92577153 | D12: {=_xlfn.LET(_xlpm.c,ISNUMBER(Panel_Data!$D$2:$D$6241)*(ABS(Panel_Data!$I$2:$I$6241)<=$A12),_xlpm.arr,LINEST(_xlfn._xlws.FILTER(Panel_Data!$D$2:$D$6241,_xlpm.c),_xlfn._xlws.FILTER(_xlfn.HSTACK(Panel_Data!$G$2:$G$6241,Panel_Data!$E$2:$E$6241,Panel_Data!$H$2:$H$6241),_xlpm.c),TRUE,TRUE),INDEX(_xlpm.arr,4,2)+4)} -> 30
A13: 3 | B13: {=_xlfn.LET(_xlpm.c,ISNUMBER(Panel_Data!$D$2:$D$6241)*(ABS(Panel_Data!$I$2:$I$6241)<=$A13),_xlpm.arr,LINEST(_xlfn._xlws.FILTER(Panel_Data!$D$2:$D$6241,_xlpm.c),_xlfn._xlws.FILTER(_xlfn.HSTACK(Panel_Data!$G$2:$G$6241,Panel_Data!$E$2:$E$6241,Panel_Data!$H$2:$H$6241),_xlpm.c),TRUE,TRUE),INDEX(_xlpm.arr,1,1))} -> -0.0081628586 | C13: {=_xlfn.LET(_xlpm.c,ISNUMBER(Panel_Data!$D$2:$D$6241)*(ABS(Panel_Data!$I$2:$I$6241)<=$A13),_xlpm.arr,LINEST(_xlfn._xlws.FILTER(Panel_Data!$D$2:$D$6241,_xlpm.c),_xlfn._xlws.FILTER(_xlfn.HSTACK(Panel_Data!$G$2:$G$6241,Panel_Data!$E$2:$E$6241,Panel_Data!$H$2:$H$6241),_xlpm.c),TRUE,TRUE),_xlfn.T.DIST.2T(ABS(INDEX(_xlpm.arr,1,1)/INDEX(_xlpm.arr,2,1)),INDEX(_xlpm.arr,4,2)))} -> 0.64231855 | D13: {=_xlfn.LET(_xlpm.c,ISNUMBER(Panel_Data!$D$2:$D$6241)*(ABS(Panel_Data!$I$2:$I$6241)<=$A13),_xlpm.arr,LINEST(_xlfn._xlws.FILTER(Panel_Data!$D$2:$D$6241,_xlpm.c),_xlfn._xlws.FILTER(_xlfn.HSTACK(Panel_Data!$G$2:$G$6241,Panel_Data!$E$2:$E$6241,Panel_Data!$H$2:$H$6241),_xlpm.c),TRUE,TRUE),INDEX(_xlpm.arr,4,2)+4)} -> 70
A14: 5 | B14: {=_xlfn.LET(_xlpm.c,ISNUMBER(Panel_Data!$D$2:$D$6241)*(ABS(Panel_Data!$I$2:$I$6241)<=$A14),_xlpm.arr,LINEST(_xlfn._xlws.FILTER(Panel_Data!$D$2:$D$6241,_xlpm.c),_xlfn._xlws.FILTER(_xlfn.HSTACK(Panel_Data!$G$2:$G$6241,Panel_Data!$E$2:$E$6241,Panel_Data!$H$2:$H$6241),_xlpm.c),TRUE,TRUE),INDEX(_xlpm.arr,1,1))} -> -0.0032561588 | C14: {=_xlfn.LET(_xlpm.c,ISNUMBER(Panel_Data!$D$2:$D$6241)*(ABS(Panel_Data!$I$2:$I$6241)<=$A14),_xlpm.arr,LINEST(_xlfn._xlws.FILTER(Panel_Data!$D$2:$D$6241,_xlpm.c),_xlfn._xlws.FILTER(_xlfn.HSTACK(Panel_Data!$G$2:$G$6241,Panel_Data!$E$2:$E$6241,Panel_Data!$H$2:$H$6241),_xlpm.c),TRUE,TRUE),_xlfn.T.DIST.2T(ABS(INDEX(_xlpm.arr,1,1)/INDEX(_xlpm.arr,2,1)),INDEX(_xlpm.arr,4,2)))} -> 0.78819405 | D14: {=_xlfn.LET(_xlpm.c,ISNUMBER(Panel_Data!$D$2:$D$6241)*(ABS(Panel_Data!$I$2:$I$6241)<=$A14),_xlpm.arr,LINEST(_xlfn._xlws.FILTER(Panel_Data!$D$2:$D$6241,_xlpm.c),_xlfn._xlws.FILTER(_xlfn.HSTACK(Panel_Data!$G$2:$G$6241,Panel_Data!$E$2:$E$6241,Panel_Data!$H$2:$H$6241),_xlpm.c),TRUE,TRUE),INDEX(_xlpm.arr,4,2)+4)} -> 110
A15: 10 | B15: {=_xlfn.LET(_xlpm.c,ISNUMBER(Panel_Data!$D$2:$D$6241)*(ABS(Panel_Data!$I$2:$I$6241)<=$A15),_xlpm.arr,LINEST(_xlfn._xlws.FILTER(Panel_Data!$D$2:$D$6241,_xlpm.c),_xlfn._xlws.FILTER(_xlfn.HSTACK(Panel_Data!$G$2:$G$6241,Panel_Data!$E$2:$E$6241,Panel_Data!$H$2:$H$6241),_xlpm.c),TRUE,TRUE),INDEX(_xlpm.arr,1,1))} -> -0.0034697425 | C15: {=_xlfn.LET(_xlpm.c,ISNUMBER(Panel_Data!$D$2:$D$6241)*(ABS(Panel_Data!$I$2:$I$6241)<=$A15),_xlpm.arr,LINEST(_xlfn._xlws.FILTER(Panel_Data!$D$2:$D$6241,_xlpm.c),_xlfn._xlws.FILTER(_xlfn.HSTACK(Panel_Data!$G$2:$G$6241,Panel_Data!$E$2:$E$6241,Panel_Data!$H$2:$H$6241),_xlpm.c),TRUE,TRUE),_xlfn.T.DIST.2T(ABS(INDEX(_xlpm.arr,1,1)/INDEX(_xlpm.arr,2,1)),INDEX(_xlpm.arr,4,2)))} -> 0.61959496 | D15: {=_xlfn.LET(_xlpm.c,ISNUMBER(Panel_Data!$D$2:$D$6241)*(ABS(Panel_Data!$I$2:$I$6241)<=$A15),_xlpm.arr,LINEST(_xlfn._xlws.FILTER(Panel_Data!$D$2:$D$6241,_xlpm.c),_xlfn._xlws.FILTER(_xlfn.HSTACK(Panel_Data!$G$2:$G$6241,Panel_Data!$E$2:$E$6241,Panel_Data!$H$2:$H$6241),_xlpm.c),TRUE,TRUE),INDEX(_xlpm.arr,4,2)+4)} -> 210
A16: 20 | B16: {=_xlfn.LET(_xlpm.c,ISNUMBER(Panel_Data!$D$2:$D$6241)*(ABS(Panel_Data!$I$2:$I$6241)<=$A16),_xlpm.arr,LINEST(_xlfn._xlws.FILTER(Panel_Data!$D$2:$D$6241,_xlpm.c),_xlfn._xlws.FILTER(_xlfn.HSTACK(Panel_Data!$G$2:$G$6241,Panel_Data!$E$2:$E$6241,Panel_Data!$H$2:$H$6241),_xlpm.c),TRUE,TRUE),INDEX(_xlpm.arr,1,1))} -> -0.002710692 | C16: {=_xlfn.LET(_xlpm.c,ISNUMBER(Panel_Data!$D$2:$D$6241)*(ABS(Panel_Data!$I$2:$I$6241)<=$A16),_xlpm.arr,LINEST(_xlfn._xlws.FILTER(Panel_Data!$D$2:$D$6241,_xlpm.c),_xlfn._xlws.FILTER(_xlfn.HSTACK(Panel_Data!$G$2:$G$6241,Panel_Data!$E$2:$E$6241,Panel_Data!$H$2:$H$6241),_xlpm.c),TRUE,TRUE),_xlfn.T.DIST.2T(ABS(INDEX(_xlpm.arr,1,1)/INDEX(_xlpm.arr,2,1)),INDEX(_xlpm.arr,4,2)))} -> 0.50421252 | D16: {=_xlfn.LET(_xlpm.c,ISNUMBER(Panel_Data!$D$2:$D$6241)*(ABS(Panel_Data!$I$2:$I$6241)<=$A16),_xlpm.arr,LINEST(_xlfn._xlws.FILTER(Panel_Data!$D$2:$D$6241,_xlpm.c),_xlfn._xlws.FILTER(_xlfn.HSTACK(Panel_Data!$G$2:$G$6241,Panel_Data!$E$2:$E$6241,Panel_Data!$H$2:$H$6241),_xlpm.c),TRUE,TRUE),INDEX(_xlpm.arr,4,2)+4)} -> 410
A17: 30 | B17: {=_xlfn.LET(_xlpm.c,ISNUMBER(Panel_Data!$D$2:$D$6241)*(ABS(Panel_Data!$I$2:$I$6241)<=$A17),_xlpm.arr,LINEST(_xlfn._xlws.FILTER(Panel_Data!$D$2:$D$6241,_xlpm.c),_xlfn._xlws.FILTER(_xlfn.HSTACK(Panel_Data!$G$2:$G$6241,Panel_Data!$E$2:$E$6241,Panel_Data!$H$2:$H$6241),_xlpm.c),TRUE,TRUE),INDEX(_xlpm.arr,1,1))} -> -0.0026285486 | C17: {=_xlfn.LET(_xlpm.c,ISNUMBER(Panel_Data!$D$2:$D$6241)*(ABS(Panel_Data!$I$2:$I$6241)<=$A17),_xlpm.arr,LINEST(_xlfn._xlws.FILTER(Panel_Data!$D$2:$D$6241,_xlpm.c),_xlfn._xlws.FILTER(_xlfn.HSTACK(Panel_Data!$G$2:$G$6241,Panel_Data!$E$2:$E$6241,Panel_Data!$H$2:$H$6241),_xlpm.c),TRUE,TRUE),_xlfn.T.DIST.2T(ABS(INDEX(_xlpm.arr,1,1)/INDEX(_xlpm.arr,2,1)),INDEX(_xlpm.arr,4,2)))} -> 0.40938886 | D17: {=_xlfn.LET(_xlpm.c,ISNUMBER(Panel_Data!$D$2:$D$6241)*(ABS(Panel_Data!$I$2:$I$6241)<=$A17),_xlpm.arr,LINEST(_xlfn._xlws.FILTER(Panel_Data!$D$2:$D$6241,_xlpm.c),_xlfn._xlws.FILTER(_xlfn.HSTACK(Panel_Data!$G$2:$G$6241,Panel_Data!$E$2:$E$6241,Panel_Data!$H$2:$H$6241),_xlpm.c),TRUE,TRUE),INDEX(_xlpm.arr,4,2)+4)} -> 610
A19: {="DiD across windows: largest |coefficient| at ±"&INDEX($A$12:$A$17,MATCH(MAX(ABS($B$12:$B$17)),ABS($B$12:$B$17),0))&"td. "&IF(ABS(B12)>ABS(B17),"Magnitude is larger at the narrowest (±1) than the widest (±30) window","Magnitude does not increase as the window narrows")&IF(SIGN(B12)<>SIGN(B17)," and even flips sign","")&". "&IF(MIN($C$12:$C$17)<0.05,"At least one window is statistically significant.","All p-values > 0.05 — no significant DiD effect at any window.")} -> DiD across windows: largest |coefficient| at ±3td. Magnitude is larger at the narrowest (±1) than the widest (±30) window and even flips sign. All p-values > 0.05 — no significant DiD effect at any window.

Sheet Summary_Dashboard
A1: Dividend Initiation Announcements: A Difference-in-Differences Analysis
A2: Treated: META · GOOGL · CRM · BKNG · TMUS vs. Matched Controls: AMZN · ADBE · NOW · ABNB · CHTR
A3: Sample: Jan 2023 – Jun 2025 · Daily split-adjusted closes · Event-time difference-in-differences
A5: HEADLINE FINDING | F5: PARALLEL TRENDS CHECK
A6: Pooled DiD estimate (Treat × Post)
A7: Coefficient | B7: =DiD_Regression!B7 -> 0.00019069172
A8: t-stat | B8: =DiD_Regression!D7 -> 0.17632248
A9: p-value | B9: =DiD_Regression!E7 -> 0.86004634
A10: No statistically significant differential return effect detected (p = 0.86).
A12: SENSITIVITY — EVENT WINDOW LENGTH
A13: Window (±td) | B13: DiD Coef | C13: p-value
A14: =Sensitivity!A12 -> 1 | B14: =Sensitivity!B12 -> 0.0037405216 | C14: =Sensitivity!C12 -> 0.92577153
A15: =Sensitivity!A13 -> 3 | B15: =Sensitivity!B13 -> -0.0081628586 | C15: =Sensitivity!C13 -> 0.64231855
A16: =Sensitivity!A14 -> 5 | B16: =Sensitivity!B14 -> -0.0032561588 | C16: =Sensitivity!C14 -> 0.78819405
A17: =Sensitivity!A15 -> 10 | B17: =Sensitivity!B15 -> -0.0034697425 | C17: =Sensitivity!C15 -> 0.61959496
A18: =Sensitivity!A16 -> 20 | B18: =Sensitivity!B16 -> -0.002710692 | C18: =Sensitivity!C16 -> 0.50421252
A19: =Sensitivity!A17 -> 30 | B19: =Sensitivity!B17 -> -0.0026285486 | C19: =Sensitivity!C17 -> 0.40938886
A20: Effect is non-monotonic and insignificant across all event windows tested (±1 to ±30 trading days).
F21: ="Pre-period Treated–Control return correlation: r = "&TEXT(Parallel_Trends!E79,"0.00") -> Pre-period Treated–Control return correlation: r = 0.41
A22: INTERPRETATION
A23: • The DiD design is well-specified — parallel trends roughly hold pre-announcement (Treated–Control return correlation r = 0.41).
A24: • No robust average treatment effect at any event window (±1 to ±30 trading days); every p-value exceeds 0.40.
A25: • Likely driver: a small sample (n = 5 treated firms) with one large outlier — Meta's ~+20% reaction — pulling the group average toward zero, compounded by a broad 2024 mega-cap rally that lifted treated and control firms alike.
A26: • Consistent with recent evidence (e.g., Wolfe Research) that first-time dividend initiators have not reliably outperformed post-announcement — contrasting older event-study literature showing positive average announcement returns.
A28: METHODOLOGY
A29: Data: Stooq daily split-/dividend-adjusted closes. Sample: Jan 3 2023 – Jun 30 2025 (624 trading days × 11 tickers). Specification: Return ~ β0 + β1·Post + β2·Treat + β3·Treat×Post, pooled OLS via LINEST; SPY benchmark excluded (n = 6,230 firm-days). Post defined relative to each pair's treated-firm announcement date.

Sheet Parallel_Trends
A1: Pre-Announcement Parallel Trends Check
A2: Event-time aligned: relative trading day −60…−1 = the last 60 trading days before each firm's own announcement cutoff (≈ 90 calendar days). Group averages taken across the 5 treated and 5 control firms at each relative day.
A4: Firm | B4: Role | C4: Pair | D4: Panel Start Row | E4: Cutoff (Announcement) | F4: Pre-days k (<cutoff)
A5: META | B5: Treated | C5: 1 | D5: 2 | E5: =SUMIFS(Firm_Info!$F$2:$F$11,Firm_Info!$D$2:$D$11,C5,Firm_Info!$C$2:$C$11,"Treated") -> 45323 | F5: =COUNTIF(Raw_Prices!$A$3:$A$626,"<"&E5) -> 271
A6: GOOGL | B6: Treated | C6: 2 | D6: 1250 | E6: =SUMIFS(Firm_Info!$F$2:$F$11,Firm_Info!$D$2:$D$11,C6,Firm_Info!$C$2:$C$11,"Treated") -> 45407 | F6: =COUNTIF(Raw_Prices!$A$3:$A$626,"<"&E6) -> 329
A7: CRM | B7: Treated | C7: 3 | D7: 2498 | E7: =SUMIFS(Firm_Info!$F$2:$F$11,Firm_Info!$D$2:$D$11,C7,Firm_Info!$C$2:$C$11,"Treated") -> 45350 | F7: =COUNTIF(Raw_Prices!$A$3:$A$626,"<"&E7) -> 289
A8: BKNG | B8: Treated | C8: 4 | D8: 3746 | E8: =SUMIFS(Firm_Info!$F$2:$F$11,Firm_Info!$D$2:$D$11,C8,Firm_Info!$C$2:$C$11,"Treated") -> 45344 | F8: =COUNTIF(Raw_Prices!$A$3:$A$626,"<"&E8) -> 285
A9: TMUS | B9: Treated | C9: 5 | D9: 4994 | E9: =SUMIFS(Firm_Info!$F$2:$F$11,Firm_Info!$D$2:$D$11,C9,Firm_Info!$C$2:$C$11,"Treated") -> 45175 | F9: =COUNTIF(Raw_Prices!$A$3:$A$626,"<"&E9) -> 169
A10: AMZN | B10: Control | C10: 1 | D10: 626 | E10: =SUMIFS(Firm_Info!$F$2:$F$11,Firm_Info!$D$2:$D$11,C10,Firm_Info!$C$2:$C$11,"Treated") -> 45323 | F10: =COUNTIF(Raw_Prices!$A$3:$A$626,"<"&E10) -> 271
A11: ADBE | B11: Control | C11: 2 | D11: 1874 | E11: =SUMIFS(Firm_Info!$F$2:$F$11,Firm_Info!$D$2:$D$11,C11,Firm_Info!$C$2:$C$11,"Treated") -> 45407 | F11: =COUNTIF(Raw_Prices!$A$3:$A$626,"<"&E11) -> 329
A12: NOW | B12: Control | C12: 3 | D12: 3122 | E12: =SUMIFS(Firm_Info!$F$2:$F$11,Firm_Info!$D$2:$D$11,C12,Firm_Info!$C$2:$C$11,"Treated") -> 45350 | F12: =COUNTIF(Raw_Prices!$A$3:$A$626,"<"&E12) -> 289
A13: ABNB | B13: Control | C13: 4 | D13: 4370 | E13: =SUMIFS(Firm_Info!$F$2:$F$11,Firm_Info!$D$2:$D$11,C13,Firm_Info!$C$2:$C$11,"Treated") -> 45344 | F13: =COUNTIF(Raw_Prices!$A$3:$A$626,"<"&E13) -> 285
A14: CHTR | B14: Control | C14: 5 | D14: 5618 | E14: =SUMIFS(Firm_Info!$F$2:$F$11,Firm_Info!$D$2:$D$11,C14,Firm_Info!$C$2:$C$11,"Treated") -> 45175 | F14: =COUNTIF(Raw_Prices!$A$3:$A$626,"<"&E14) -> 169
A17: Rel Trading Day | B17: Avg Daily Return — Treated | C17: Avg Daily Return — Control | D17: META | E17: GOOGL | F17: CRM | G17: BKNG | H17: TMUS | I17: AMZN | J17: ADBE | K17: NOW | L17: ABNB | M17: CHTR
A18: -60 | B18: =AVERAGE(D18:H18) -> 0.019114045 | C18: =AVERAGE(I18:M18) -> -0.0035658646 | D18: {=INDEX(Panel_Data!$D:$D,INDEX($D$5:$D$14,MATCH(D$17,$A$5:$A$14,0))+INDEX($F$5:$F$14,MATCH(D$17,$A$5:$A$14,0))+$A18)} -> 0.011998585 | E18: {=INDEX(Panel_Data!$D:$D,INDEX($D$5:$D$14,MATCH(E$17,$A$5:$A$14,0))+INDEX($F$5:$F$14,MATCH(E$17,$A$5:$A$14,0))+$A18)} -> -0.013356782 | F18: {=INDEX(Panel_Data!$D:$D,INDEX($D$5:$D$14,MATCH(F$17,$A$5:$A$14,0))+INDEX($F$5:$F$14,MATCH(F$17,$A$5:$A$14,0))+$A18)} -> 0.093553288 | G18: {=INDEX(Panel_Data!$D:$D,INDEX($D$5:$D$14,MATCH(G$17,$A$5:$A$14,0))+INDEX($F$5:$F$14,MATCH(G$17,$A$5:$A$14,0))+$A18)} -> -0.0046052203 | H18: {=INDEX(Panel_Data!$D:$D,INDEX($D$5:$D$14,MATCH(H$17,$A$5:$A$14,0))+INDEX($F$5:$F$14,MATCH(H$17,$A$5:$A$14,0))+$A18)} -> 0.007980356 | I18: {=INDEX(Panel_Data!$D:$D,INDEX($D$5:$D$14,MATCH(I$17,$A$5:$A$14,0))+INDEX($F$5:$F$14,MATCH(I$17,$A$5:$A$14,0))+$A18)} -> 0.0038386326 | J18: {=INDEX(Panel_Data!$D:$D,INDEX($D$5:$D$14,MATCH(J$17,$A$5:$A$14,0))+INDEX($F$5:$F$14,MATCH(J$17,$A$5:$A$14,0))+$A18)} -> -0.0036018596 | K18: {=INDEX(Panel_Data!$D:$D,INDEX($D$5:$D$14,MATCH(K$17,$A$5:$A$14,0))+INDEX($F$5:$F$14,MATCH(K$17,$A$5:$A$14,0))+$A18)} -> 0.010030489 | ... M18: {=INDEX(Panel_Data!$D:$D,INDEX($D$5:$D$14,MATCH(M$17,$A$5:$A$14,0))+INDEX($F$5:$F$14,MATCH(M$17,$A$5:$A$14,0))+$A18)} -> -0.022904396
A19: =A18+1 -> -59 | B19: =AVERAGE(D19:H19) -> -0.0077137837 | C19: =AVERAGE(I19:M19) -> 0.0050096359 | D19: {=INDEX(Panel_Data!$D:$D,INDEX($D$5:$D$14,MATCH(D$17,$A$5:$A$14,0))+INDEX($F$5:$F$14,MATCH(D$17,$A$5:$A$14,0))+$A19)} -> 0.0038143675 | E19: {=INDEX(Panel_Data!$D:$D,INDEX($D$5:$D$14,MATCH(E$17,$A$5:$A$14,0))+INDEX($F$5:$F$14,MATCH(E$17,$A$5:$A$14,0))+$A19)} -> -0.075003479 | F19: {=INDEX(Panel_Data!$D:$D,INDEX($D$5:$D$14,MATCH(F$17,$A$5:$A$14,0))+INDEX($F$5:$F$14,MATCH(F$17,$A$5:$A$14,0))+$A19)} -> 0.032155617 | G19: {=INDEX(Panel_Data!$D:$D,INDEX($D$5:$D$14,MATCH(G$17,$A$5:$A$14,0))+INDEX($F$5:$F$14,MATCH(G$17,$A$5:$A$14,0))+$A19)} -> 0.0048799228 | H19: {=INDEX(Panel_Data!$D:$D,INDEX($D$5:$D$14,MATCH(H$17,$A$5:$A$14,0))+INDEX($F$5:$F$14,MATCH(H$17,$A$5:$A$14,0))+$A19)} -> -0.0044153471 | I19: {=INDEX(Panel_Data!$D:$D,INDEX($D$5:$D$14,MATCH(I$17,$A$5:$A$14,0))+INDEX($F$5:$F$14,MATCH(I$17,$A$5:$A$14,0))+$A19)} -> 0.0082251082 | J19: {=INDEX(Panel_Data!$D:$D,INDEX($D$5:$D$14,MATCH(J$17,$A$5:$A$14,0))+INDEX($F$5:$F$14,MATCH(J$17,$A$5:$A$14,0))+$A19)} -> -0.016211224 | K19: {=INDEX(Panel_Data!$D:$D,INDEX($D$5:$D$14,MATCH(K$17,$A$5:$A$14,0))+INDEX($F$5:$F$14,MATCH(K$17,$A$5:$A$14,0))+$A19)} -> 0.0073643072 | ... M19: {=INDEX(Panel_Data!$D:$D,INDEX($D$5:$D$14,MATCH(M$17,$A$5:$A$14,0))+INDEX($F$5:$F$14,MATCH(M$17,$A$5:$A$14,0))+$A19)} -> 0.020762299
A20: =A19+1 -> -58 | B20: =AVERAGE(D20:H20) -> -0.0044244659 | C20: =AVERAGE(I20:M20) -> 0.0043619937 | D20: {=INDEX(Panel_Data!$D:$D,INDEX($D$5:$D$14,MATCH(D$17,$A$5:$A$14,0))+INDEX($F$5:$F$14,MATCH(D$17,$A$5:$A$14,0))+$A20)} -> 0.0095630146 | E20: {=INDEX(Panel_Data!$D:$D,INDEX($D$5:$D$14,MATCH(E$17,$A$5:$A$14,0))+INDEX($F$5:$F$14,MATCH(E$17,$A$5:$A$14,0))+$A20)} -> 0.007564795 | F20: {=INDEX(Panel_Data!$D:$D,INDEX($D$5:$D$14,MATCH(F$17,$A$5:$A$14,0))+INDEX($F$5:$F$14,MATCH(F$17,$A$5:$A$14,0))+$A20)} -> -0.035923077 | G20: {=INDEX(Panel_Data!$D:$D,INDEX($D$5:$D$14,MATCH(G$17,$A$5:$A$14,0))+INDEX($F$5:$F$14,MATCH(G$17,$A$5:$A$14,0))+$A20)} -> 0.003554724 | H20: {=INDEX(Panel_Data!$D:$D,INDEX($D$5:$D$14,MATCH(H$17,$A$5:$A$14,0))+INDEX($F$5:$F$14,MATCH(H$17,$A$5:$A$14,0))+$A20)} -> -0.0068817862 | I20: {=INDEX(Panel_Data!$D:$D,INDEX($D$5:$D$14,MATCH(I$17,$A$5:$A$14,0))+INDEX($F$5:$F$14,MATCH(I$17,$A$5:$A$14,0))+$A20)} -> 0.021253757 | J20: {=INDEX(Panel_Data!$D:$D,INDEX($D$5:$D$14,MATCH(J$17,$A$5:$A$14,0))+INDEX($F$5:$F$14,MATCH(J$17,$A$5:$A$14,0))+$A20)} -> 0.016397423 | K20: {=INDEX(Panel_Data!$D:$D,INDEX($D$5:$D$14,MATCH(K$17,$A$5:$A$14,0))+INDEX($F$5:$F$14,MATCH(K$17,$A$5:$A$14,0))+$A20)} -> -0.0045889489 | ... M20: {=INDEX(Panel_Data!$D:$D,INDEX($D$5:$D$14,MATCH(M$17,$A$5:$A$14,0))+INDEX($F$5:$F$14,MATCH(M$17,$A$5:$A$14,0))+$A20)} -> -8.9472115e-05
A21: =A20+1 -> -57 | B21: =AVERAGE(D21:H21) -> -0.0011899089 | C21: =AVERAGE(I21:M21) -> -0.00023180453 | D21: {=INDEX(Panel_Data!$D:$D,INDEX($D$5:$D$14,MATCH(D$17,$A$5:$A$14,0))+INDEX($F$5:$F$14,MATCH(D$17,$A$5:$A$14,0))+$A21)} -> 0.0030111034 | E21: {=INDEX(Panel_Data!$D:$D,INDEX($D$5:$D$14,MATCH(E$17,$A$5:$A$14,0))+INDEX($F$5:$F$14,MATCH(E$17,$A$5:$A$14,0))+$A21)} -> 0.0086455741 | F21: {=INDEX(Panel_Data!$D:$D,INDEX($D$5:$D$14,MATCH(F$17,$A$5:$A$14,0))+INDEX($F$5:$F$14,MATCH(F$17,$A$5:$A$14,0))+$A21)} -> 0.0014362084 | G21: {=INDEX(Panel_Data!$D:$D,INDEX($D$5:$D$14,MATCH(G$17,$A$5:$A$14,0))+INDEX($F$5:$F$14,MATCH(G$17,$A$5:$A$14,0))+$A21)} -> -0.0049525014 | H21: {=INDEX(Panel_Data!$D:$D,INDEX($D$5:$D$14,MATCH(H$17,$A$5:$A$14,0))+INDEX($F$5:$F$14,MATCH(H$17,$A$5:$A$14,0))+$A21)} -> -0.014089929 | I21: {=INDEX(Panel_Data!$D:$D,INDEX($D$5:$D$14,MATCH(I$17,$A$5:$A$14,0))+INDEX($F$5:$F$14,MATCH(I$17,$A$5:$A$14,0))+$A21)} -> -0.004414547 | J21: {=INDEX(Panel_Data!$D:$D,INDEX($D$5:$D$14,MATCH(J$17,$A$5:$A$14,0))+INDEX($F$5:$F$14,MATCH(J$17,$A$5:$A$14,0))+$A21)} -> 0.010909207 | K21: {=INDEX(Panel_Data!$D:$D,INDEX($D$5:$D$14,MATCH(K$17,$A$5:$A$14,0))+INDEX($F$5:$F$14,MATCH(K$17,$A$5:$A$14,0))+$A21)} -> 0.00087257497 | ... M21: {=INDEX(Panel_Data!$D:$D,INDEX($D$5:$D$14,MATCH(M$17,$A$5:$A$14,0))+INDEX($F$5:$F$14,MATCH(M$17,$A$5:$A$14,0))+$A21)} -> -5.9653414e-05
A22: =A21+1 -> -56 | B22: =AVERAGE(D22:H22) -> 0.0081187925 | C22: =AVERAGE(I22:M22) -> 0.00030867466 | D22: {=INDEX(Panel_Data!$D:$D,INDEX($D$5:$D$14,MATCH(D$17,$A$5:$A$14,0))+INDEX($F$5:$F$14,MATCH(D$17,$A$5:$A$14,0))+$A22)} -> 0.0024079054 | E22: {=INDEX(Panel_Data!$D:$D,INDEX($D$5:$D$14,MATCH(E$17,$A$5:$A$14,0))+INDEX($F$5:$F$14,MATCH(E$17,$A$5:$A$14,0))+$A22)} -> 0.0091283324 | F22: {=INDEX(Panel_Data!$D:$D,INDEX($D$5:$D$14,MATCH(F$17,$A$5:$A$14,0))+INDEX($F$5:$F$14,MATCH(F$17,$A$5:$A$14,0))+$A22)} -> -0.0075292805 | G22: {=INDEX(Panel_Data!$D:$D,INDEX($D$5:$D$14,MATCH(G$17,$A$5:$A$14,0))+INDEX($F$5:$F$14,MATCH(G$17,$A$5:$A$14,0))+$A22)} -> -0.00019550183 | H22: {=INDEX(Panel_Data!$D:$D,INDEX($D$5:$D$14,MATCH(H$17,$A$5:$A$14,0))+INDEX($F$5:$F$14,MATCH(H$17,$A$5:$A$14,0))+$A22)} -> 0.036782507 | I22: {=INDEX(Panel_Data!$D:$D,INDEX($D$5:$D$14,MATCH(I$17,$A$5:$A$14,0))+INDEX($F$5:$F$14,MATCH(I$17,$A$5:$A$14,0))+$A22)} -> -0.010416667 | J22: {=INDEX(Panel_Data!$D:$D,INDEX($D$5:$D$14,MATCH(J$17,$A$5:$A$14,0))+INDEX($F$5:$F$14,MATCH(J$17,$A$5:$A$14,0))+$A22)} -> -0.0067111979 | K22: {=INDEX(Panel_Data!$D:$D,INDEX($D$5:$D$14,MATCH(K$17,$A$5:$A$14,0))+INDEX($F$5:$F$14,MATCH(K$17,$A$5:$A$14,0))+$A22)} -> -0.0028915172 | ... M22: {=INDEX(Panel_Data!$D:$D,INDEX($D$5:$D$14,MATCH(M$17,$A$5:$A$14,0))+INDEX($F$5:$F$14,MATCH(M$17,$A$5:$A$14,0))+$A22)} -> 0.02266965
A23: =A22+1 -> -55 | B23: =AVERAGE(D23:H23) -> 0.0048933534 | C23: =AVERAGE(I23:M23) -> 0.010024647 | D23: {=INDEX(Panel_Data!$D:$D,INDEX($D$5:$D$14,MATCH(D$17,$A$5:$A$14,0))+INDEX($F$5:$F$14,MATCH(D$17,$A$5:$A$14,0))+$A23)} -> 0.025643425 | E23: {=INDEX(Panel_Data!$D:$D,INDEX($D$5:$D$14,MATCH(E$17,$A$5:$A$14,0))+INDEX($F$5:$F$14,MATCH(E$17,$A$5:$A$14,0))+$A23)} -> 0.0029197896 | F23: {=INDEX(Panel_Data!$D:$D,INDEX($D$5:$D$14,MATCH(F$17,$A$5:$A$14,0))+INDEX($F$5:$F$14,MATCH(F$17,$A$5:$A$14,0))+$A23)} -> -0.0011239112 | G23: {=INDEX(Panel_Data!$D:$D,INDEX($D$5:$D$14,MATCH(G$17,$A$5:$A$14,0))+INDEX($F$5:$F$14,MATCH(G$17,$A$5:$A$14,0))+$A23)} -> 0.010811736 | H23: {=INDEX(Panel_Data!$D:$D,INDEX($D$5:$D$14,MATCH(H$17,$A$5:$A$14,0))+INDEX($F$5:$F$14,MATCH(H$17,$A$5:$A$14,0))+$A23)} -> -0.013784272 | I23: {=INDEX(Panel_Data!$D:$D,INDEX($D$5:$D$14,MATCH(I$17,$A$5:$A$14,0))+INDEX($F$5:$F$14,MATCH(I$17,$A$5:$A$14,0))+$A23)} -> 0.021052632 | J23: {=INDEX(Panel_Data!$D:$D,INDEX($D$5:$D$14,MATCH(J$17,$A$5:$A$14,0))+INDEX($F$5:$F$14,MATCH(J$17,$A$5:$A$14,0))+$A23)} -> -0.03704996 | K23: {=INDEX(Panel_Data!$D:$D,INDEX($D$5:$D$14,MATCH(K$17,$A$5:$A$14,0))+INDEX($F$5:$F$14,MATCH(K$17,$A$5:$A$14,0))+$A23)} -> 0.0021129942 | ... M23: {=INDEX(Panel_Data!$D:$D,INDEX($D$5:$D$14,MATCH(M$17,$A$5:$A$14,0))+INDEX($F$5:$F$14,MATCH(M$17,$A$5:$A$14,0))+$A23)} -> -0.0046959312
A24: =A23+1 -> -54 | B24: =AVERAGE(D24:H24) -> 0.0027000135 | C24: =AVERAGE(I24:M24) -> -0.0026195287 | D24: {=INDEX(Panel_Data!$D:$D,INDEX($D$5:$D$14,MATCH(D$17,$A$5:$A$14,0))+INDEX($F$5:$F$14,MATCH(D$17,$A$5:$A$14,0))+$A24)} -> 0.0012774888 | E24: {=INDEX(Panel_Data!$D:$D,INDEX($D$5:$D$14,MATCH(E$17,$A$5:$A$14,0))+INDEX($F$5:$F$14,MATCH(E$17,$A$5:$A$14,0))+$A24)} -> 0.0099944978 | F24: {=INDEX(Panel_Data!$D:$D,INDEX($D$5:$D$14,MATCH(F$17,$A$5:$A$14,0))+INDEX($F$5:$F$14,MATCH(F$17,$A$5:$A$14,0))+$A24)} -> 0.0078762307 | G24: {=INDEX(Panel_Data!$D:$D,INDEX($D$5:$D$14,MATCH(G$17,$A$5:$A$14,0))+INDEX($F$5:$F$14,MATCH(G$17,$A$5:$A$14,0))+$A24)} -> -0.0079394506 | H24: {=INDEX(Panel_Data!$D:$D,INDEX($D$5:$D$14,MATCH(H$17,$A$5:$A$14,0))+INDEX($F$5:$F$14,MATCH(H$17,$A$5:$A$14,0))+$A24)} -> 0.0022913007 | I24: {=INDEX(Panel_Data!$D:$D,INDEX($D$5:$D$14,MATCH(I$17,$A$5:$A$14,0))+INDEX($F$5:$F$14,MATCH(I$17,$A$5:$A$14,0))+$A24)} -> -0.0067567568 | J24: {=INDEX(Panel_Data!$D:$D,INDEX($D$5:$D$14,MATCH(J$17,$A$5:$A$14,0))+INDEX($F$5:$F$14,MATCH(J$17,$A$5:$A$14,0))+$A24)} -> 0.01434595 | K24: {=INDEX(Panel_Data!$D:$D,INDEX($D$5:$D$14,MATCH(K$17,$A$5:$A$14,0))+INDEX($F$5:$F$14,MATCH(K$17,$A$5:$A$14,0))+$A24)} -> 0.016577478 | ... M24: {=INDEX(Panel_Data!$D:$D,INDEX($D$5:$D$14,MATCH(M$17,$A$5:$A$14,0))+INDEX($F$5:$F$14,MATCH(M$17,$A$5:$A$14,0))+$A24)} -> -0.027487985
A25: =A24+1 -> -53 | B25: =AVERAGE(D25:H25) -> 0.0089376988 | C25: =AVERAGE(I25:M25) -> 0.0043924069 | D25: {=INDEX(Panel_Data!$D:$D,INDEX($D$5:$D$14,MATCH(D$17,$A$5:$A$14,0))+INDEX($F$5:$F$14,MATCH(D$17,$A$5:$A$14,0))+$A25)} -> 0.021628847 | E25: {=INDEX(Panel_Data!$D:$D,INDEX($D$5:$D$14,MATCH(E$17,$A$5:$A$14,0))+INDEX($F$5:$F$14,MATCH(E$17,$A$5:$A$14,0))+$A25)} -> 0.0025445819 | F25: {=INDEX(Panel_Data!$D:$D,INDEX($D$5:$D$14,MATCH(F$17,$A$5:$A$14,0))+INDEX($F$5:$F$14,MATCH(F$17,$A$5:$A$14,0))+$A25)} -> 0.0051433356 | G25: {=INDEX(Panel_Data!$D:$D,INDEX($D$5:$D$14,MATCH(G$17,$A$5:$A$14,0))+INDEX($F$5:$F$14,MATCH(G$17,$A$5:$A$14,0))+$A25)} -> 0.0043224271 | H25: {=INDEX(Panel_Data!$D:$D,INDEX($D$5:$D$14,MATCH(H$17,$A$5:$A$14,0))+INDEX($F$5:$F$14,MATCH(H$17,$A$5:$A$14,0))+$A25)} -> 0.011049303 | I25: {=INDEX(Panel_Data!$D:$D,INDEX($D$5:$D$14,MATCH(I$17,$A$5:$A$14,0))+INDEX($F$5:$F$14,MATCH(I$17,$A$5:$A$14,0))+$A25)} -> 0.022512098 | J25: {=INDEX(Panel_Data!$D:$D,INDEX($D$5:$D$14,MATCH(J$17,$A$5:$A$14,0))+INDEX($F$5:$F$14,MATCH(J$17,$A$5:$A$14,0))+$A25)} -> 1.623772e-05 | K25: {=INDEX(Panel_Data!$D:$D,INDEX($D$5:$D$14,MATCH(K$17,$A$5:$A$14,0))+INDEX($F$5:$F$14,MATCH(K$17,$A$5:$A$14,0))+$A25)} -> 0.0086399268 | ... M25: {=INDEX(Panel_Data!$D:$D,INDEX($D$5:$D$14,MATCH(M$17,$A$5:$A$14,0))+INDEX($F$5:$F$14,MATCH(M$17,$A$5:$A$14,0))+$A25)} -> -0.0092810221
A26: =A25+1 -> -52 | B26: =AVERAGE(D26:H26) -> 0.0081743015 | C26: =AVERAGE(I26:M26) -> 0.0039889105 | D26: {=INDEX(Panel_Data!$D:$D,INDEX($D$5:$D$14,MATCH(D$17,$A$5:$A$14,0))+INDEX($F$5:$F$14,MATCH(D$17,$A$5:$A$14,0))+$A26)} -> -0.01070441 | E26: {=INDEX(Panel_Data!$D:$D,INDEX($D$5:$D$14,MATCH(E$17,$A$5:$A$14,0))+INDEX($F$5:$F$14,MATCH(E$17,$A$5:$A$14,0))+$A26)} -> 0.021178542 | F26: {=INDEX(Panel_Data!$D:$D,INDEX($D$5:$D$14,MATCH(F$17,$A$5:$A$14,0))+INDEX($F$5:$F$14,MATCH(F$17,$A$5:$A$14,0))+$A26)} -> 0.017255058 | G26: {=INDEX(Panel_Data!$D:$D,INDEX($D$5:$D$14,MATCH(G$17,$A$5:$A$14,0))+INDEX($F$5:$F$14,MATCH(G$17,$A$5:$A$14,0))+$A26)} -> 0.0006310118 | H26: {=INDEX(Panel_Data!$D:$D,INDEX($D$5:$D$14,MATCH(H$17,$A$5:$A$14,0))+INDEX($F$5:$F$14,MATCH(H$17,$A$5:$A$14,0))+$A26)} -> 0.012511305 | I26: {=INDEX(Panel_Data!$D:$D,INDEX($D$5:$D$14,MATCH(I$17,$A$5:$A$14,0))+INDEX($F$5:$F$14,MATCH(I$17,$A$5:$A$14,0))+$A26)} -> -0.017832647 | J26: {=INDEX(Panel_Data!$D:$D,INDEX($D$5:$D$14,MATCH(J$17,$A$5:$A$14,0))+INDEX($F$5:$F$14,MATCH(J$17,$A$5:$A$14,0))+$A26)} -> 0.018429513 | K26: {=INDEX(Panel_Data!$D:$D,INDEX($D$5:$D$14,MATCH(K$17,$A$5:$A$14,0))+INDEX($F$5:$F$14,MATCH(K$17,$A$5:$A$14,0))+$A26)} -> 0.016110733 | ... M26: {=INDEX(Panel_Data!$D:$D,INDEX($D$5:$D$14,MATCH(M$17,$A$5:$A$14,0))+INDEX($F$5:$F$14,MATCH(M$17,$A$5:$A$14,0))+$A26)} -> -0.0087292414
A27: =A26+1 -> -51 | B27: =AVERAGE(D27:H27) -> 0.0029076252 | C27: =AVERAGE(I27:M27) -> 0.001270483 | D27: {=INDEX(Panel_Data!$D:$D,INDEX($D$5:$D$14,MATCH(D$17,$A$5:$A$14,0))+INDEX($F$5:$F$14,MATCH(D$17,$A$5:$A$14,0))+$A27)} -> 0.0044483184 | E27: {=INDEX(Panel_Data!$D:$D,INDEX($D$5:$D$14,MATCH(E$17,$A$5:$A$14,0))+INDEX($F$5:$F$14,MATCH(E$17,$A$5:$A$14,0))+$A27)} -> -0.0098611092 | F27: {=INDEX(Panel_Data!$D:$D,INDEX($D$5:$D$14,MATCH(F$17,$A$5:$A$14,0))+INDEX($F$5:$F$14,MATCH(F$17,$A$5:$A$14,0))+$A27)} -> 0.0033924742 | G27: {=INDEX(Panel_Data!$D:$D,INDEX($D$5:$D$14,MATCH(G$17,$A$5:$A$14,0))+INDEX($F$5:$F$14,MATCH(G$17,$A$5:$A$14,0))+$A27)} -> 0.028021894 | H27: {=INDEX(Panel_Data!$D:$D,INDEX($D$5:$D$14,MATCH(H$17,$A$5:$A$14,0))+INDEX($F$5:$F$14,MATCH(H$17,$A$5:$A$14,0))+$A27)} -> -0.011463451 | I27: {=INDEX(Panel_Data!$D:$D,INDEX($D$5:$D$14,MATCH(I$17,$A$5:$A$14,0))+INDEX($F$5:$F$14,MATCH(I$17,$A$5:$A$14,0))+$A27)} -> -0.0025837989 | J27: {=INDEX(Panel_Data!$D:$D,INDEX($D$5:$D$14,MATCH(J$17,$A$5:$A$14,0))+INDEX($F$5:$F$14,MATCH(J$17,$A$5:$A$14,0))+$A27)} -> -0.024505349 | K27: {=INDEX(Panel_Data!$D:$D,INDEX($D$5:$D$14,MATCH(K$17,$A$5:$A$14,0))+INDEX($F$5:$F$14,MATCH(K$17,$A$5:$A$14,0))+$A27)} -> -0.0011723984 | ... M27: {=INDEX(Panel_Data!$D:$D,INDEX($D$5:$D$14,MATCH(M$17,$A$5:$A$14,0))+INDEX($F$5:$F$14,MATCH(M$17,$A$5:$A$14,0))+$A27)} -> 0.0011352827
A28: =A27+1 -> -50 | B28: =AVERAGE(D28:H28) -> 0.0025409287 | C28: =AVERAGE(I28:M28) -> -0.0021143212 | D28: {=INDEX(Panel_Data!$D:$D,INDEX($D$5:$D$14,MATCH(D$17,$A$5:$A$14,0))+INDEX($F$5:$F$14,MATCH(D$17,$A$5:$A$14,0))+$A28)} -> 0.0025434633 | E28: {=INDEX(Panel_Data!$D:$D,INDEX($D$5:$D$14,MATCH(E$17,$A$5:$A$14,0))+INDEX($F$5:$F$14,MATCH(E$17,$A$5:$A$14,0))+$A28)} -> -0.016204302 | F28: {=INDEX(Panel_Data!$D:$D,INDEX($D$5:$D$14,MATCH(F$17,$A$5:$A$14,0))+INDEX($F$5:$F$14,MATCH(F$17,$A$5:$A$14,0))+$A28)} -> -0.00042748329 | G28: {=INDEX(Panel_Data!$D:$D,INDEX($D$5:$D$14,MATCH(G$17,$A$5:$A$14,0))+INDEX($F$5:$F$14,MATCH(G$17,$A$5:$A$14,0))+$A28)} -> 0.011356219 | H28: {=INDEX(Panel_Data!$D:$D,INDEX($D$5:$D$14,MATCH(H$17,$A$5:$A$14,0))+INDEX($F$5:$F$14,MATCH(H$17,$A$5:$A$14,0))+$A28)} -> 0.015436747 | I28: {=INDEX(Panel_Data!$D:$D,INDEX($D$5:$D$14,MATCH(I$17,$A$5:$A$14,0))+INDEX($F$5:$F$14,MATCH(I$17,$A$5:$A$14,0))+$A28)} -> 0.016453126 | J28: {=INDEX(Panel_Data!$D:$D,INDEX($D$5:$D$14,MATCH(J$17,$A$5:$A$14,0))+INDEX($F$5:$F$14,MATCH(J$17,$A$5:$A$14,0))+$A28)} -> -0.016262422 | K28: {=INDEX(Panel_Data!$D:$D,INDEX($D$5:$D$14,MATCH(K$17,$A$5:$A$14,0))+INDEX($F$5:$F$14,MATCH(K$17,$A$5:$A$14,0))+$A28)} -> -0.049256609 | ... M28: {=INDEX(Panel_Data!$D:$D,INDEX($D$5:$D$14,MATCH(M$17,$A$5:$A$14,0))+INDEX($F$5:$F$14,MATCH(M$17,$A$5:$A$14,0))+$A28)} -> 0.032487434
A29: =A28+1 -> -49 | B29: =AVERAGE(D29:H29) -> 0.01379284 | C29: =AVERAGE(I29:M29) -> 0.020715328 | D29: {=INDEX(Panel_Data!$D:$D,INDEX($D$5:$D$14,MATCH(D$17,$A$5:$A$14,0))+INDEX($F$5:$F$14,MATCH(D$17,$A$5:$A$14,0))+$A29)} -> 0.014714661 | E29: {=INDEX(Panel_Data!$D:$D,INDEX($D$5:$D$14,MATCH(E$17,$A$5:$A$14,0))+INDEX($F$5:$F$14,MATCH(E$17,$A$5:$A$14,0))+$A29)} -> 0.0055111468 | F29: {=INDEX(Panel_Data!$D:$D,INDEX($D$5:$D$14,MATCH(F$17,$A$5:$A$14,0))+INDEX($F$5:$F$14,MATCH(F$17,$A$5:$A$14,0))+$A29)} -> 0.017067766 | G29: {=INDEX(Panel_Data!$D:$D,INDEX($D$5:$D$14,MATCH(G$17,$A$5:$A$14,0))+INDEX($F$5:$F$14,MATCH(G$17,$A$5:$A$14,0))+$A29)} -> 0.021881974 | H29: {=INDEX(Panel_Data!$D:$D,INDEX($D$5:$D$14,MATCH(H$17,$A$5:$A$14,0))+INDEX($F$5:$F$14,MATCH(H$17,$A$5:$A$14,0))+$A29)} -> 0.0097886541 | I29: {=INDEX(Panel_Data!$D:$D,INDEX($D$5:$D$14,MATCH(I$17,$A$5:$A$14,0))+INDEX($F$5:$F$14,MATCH(I$17,$A$5:$A$14,0))+$A29)} -> 0.006543601 | J29: {=INDEX(Panel_Data!$D:$D,INDEX($D$5:$D$14,MATCH(J$17,$A$5:$A$14,0))+INDEX($F$5:$F$14,MATCH(J$17,$A$5:$A$14,0))+$A29)} -> 0.0046021698 | K29: {=INDEX(Panel_Data!$D:$D,INDEX($D$5:$D$14,MATCH(K$17,$A$5:$A$14,0))+INDEX($F$5:$F$14,MATCH(K$17,$A$5:$A$14,0))+$A29)} -> 0.026234953 | ... M29: {=INDEX(Panel_Data!$D:$D,INDEX($D$5:$D$14,MATCH(M$17,$A$5:$A$14,0))+INDEX($F$5:$F$14,MATCH(M$17,$A$5:$A$14,0))+$A29)} -> 0.050344336
A30: =A29+1 -> -48 | B30: =AVERAGE(D30:H30) -> -0.0011010373 | C30: =AVERAGE(I30:M30) -> -0.0063516527 | D30: {=INDEX(Panel_Data!$D:$D,INDEX($D$5:$D$14,MATCH(D$17,$A$5:$A$14,0))+INDEX($F$5:$F$14,MATCH(D$17,$A$5:$A$14,0))+$A30)} -> -0.0087948937 | E30: {=INDEX(Panel_Data!$D:$D,INDEX($D$5:$D$14,MATCH(E$17,$A$5:$A$14,0))+INDEX($F$5:$F$14,MATCH(E$17,$A$5:$A$14,0))+$A30)} -> -0.02172433 | F30: {=INDEX(Panel_Data!$D:$D,INDEX($D$5:$D$14,MATCH(F$17,$A$5:$A$14,0))+INDEX($F$5:$F$14,MATCH(F$17,$A$5:$A$14,0))+$A30)} -> 0.0076070336 | G30: {=INDEX(Panel_Data!$D:$D,INDEX($D$5:$D$14,MATCH(G$17,$A$5:$A$14,0))+INDEX($F$5:$F$14,MATCH(G$17,$A$5:$A$14,0))+$A30)} -> 0.016672628 | H30: {=INDEX(Panel_Data!$D:$D,INDEX($D$5:$D$14,MATCH(H$17,$A$5:$A$14,0))+INDEX($F$5:$F$14,MATCH(H$17,$A$5:$A$14,0))+$A30)} -> 0.00073437615 | I30: {=INDEX(Panel_Data!$D:$D,INDEX($D$5:$D$14,MATCH(I$17,$A$5:$A$14,0))+INDEX($F$5:$F$14,MATCH(I$17,$A$5:$A$14,0))+$A30)} -> -0.015260385 | J30: {=INDEX(Panel_Data!$D:$D,INDEX($D$5:$D$14,MATCH(J$17,$A$5:$A$14,0))+INDEX($F$5:$F$14,MATCH(J$17,$A$5:$A$14,0))+$A30)} -> -0.023517349 | K30: {=INDEX(Panel_Data!$D:$D,INDEX($D$5:$D$14,MATCH(K$17,$A$5:$A$14,0))+INDEX($F$5:$F$14,MATCH(K$17,$A$5:$A$14,0))+$A30)} -> 0.0078483043 | ... M30: {=INDEX(Panel_Data!$D:$D,INDEX($D$5:$D$14,MATCH(M$17,$A$5:$A$14,0))+INDEX($F$5:$F$14,MATCH(M$17,$A$5:$A$14,0))+$A30)} -> 0.015685055
... A77: =A76+1 -> -1 | B77: =AVERAGE(D77:H77) -> -0.0029197354 | C77: =AVERAGE(I77:M77) -> -0.011048065 | D77: {=INDEX(Panel_Data!$D:$D,INDEX($D$5:$D$14,MATCH(D$17,$A$5:$A$14,0))+INDEX($F$5:$F$14,MATCH(D$17,$A$5:$A$14,0))+$A77)} -> -0.024796281 | E77: {=INDEX(Panel_Data!$D:$D,INDEX($D$5:$D$14,MATCH(E$17,$A$5:$A$14,0))+INDEX($F$5:$F$14,MATCH(E$17,$A$5:$A$14,0))+$A77)} -> 0.0054918225 | F77: {=INDEX(Panel_Data!$D:$D,INDEX($D$5:$D$14,MATCH(F$17,$A$5:$A$14,0))+INDEX($F$5:$F$14,MATCH(F$17,$A$5:$A$14,0))+$A77)} -> -0.002962815 | G77: {=INDEX(Panel_Data!$D:$D,INDEX($D$5:$D$14,MATCH(G$17,$A$5:$A$14,0))+INDEX($F$5:$F$14,MATCH(G$17,$A$5:$A$14,0))+$A77)} -> 0.010872557 | H77: {=INDEX(Panel_Data!$D:$D,INDEX($D$5:$D$14,MATCH(H$17,$A$5:$A$14,0))+INDEX($F$5:$F$14,MATCH(H$17,$A$5:$A$14,0))+$A77)} -> -0.0032039613 | I77: {=INDEX(Panel_Data!$D:$D,INDEX($D$5:$D$14,MATCH(I$17,$A$5:$A$14,0))+INDEX($F$5:$F$14,MATCH(I$17,$A$5:$A$14,0))+$A77)} -> -0.023899371 | J77: {=INDEX(Panel_Data!$D:$D,INDEX($D$5:$D$14,MATCH(J$17,$A$5:$A$14,0))+INDEX($F$5:$F$14,MATCH(J$17,$A$5:$A$14,0))+$A77)} -> 0.0089236625 | K77: {=INDEX(Panel_Data!$D:$D,INDEX($D$5:$D$14,MATCH(K$17,$A$5:$A$14,0))+INDEX($F$5:$F$14,MATCH(K$17,$A$5:$A$14,0))+$A77)} -> -0.016058282 | ... M77: {=INDEX(Panel_Data!$D:$D,INDEX($D$5:$D$14,MATCH(M$17,$A$5:$A$14,0))+INDEX($F$5:$F$14,MATCH(M$17,$A$5:$A$14,0))+$A77)} -> -0.031563743
A79: Pre-period correlation (Treated vs Control avg daily return): | E79: =CORREL(B18:B77,C18:C77) -> 0.40921532
A80: Higher correlation = treated and control groups moved together pre-announcement, supporting the parallel-trends assumption.

Sheet Per_Pair_DiD
A1: Per-Pair Difference-in-Differences (one regression per matched pair)
A2: Model: Return ~ Post + Treat + Treat_x_Post, run on each pair's two firms only (Panel_Data, filtered by Pair_ID).
A3: Pair_ID | B3: Treated Firm | C3: Control Firm | D3: DiD Coef (Treat_x_Post) | E3: Std Error | F3: t-stat | G3: p-value | H3: n
A4: 1 | B4: {=_xlfn.XLOOKUP(1,(Firm_Info!$D$2:$D$11=$A4)*(Firm_Info!$C$2:$C$11="Treated"),Firm_Info!$A$2:$A$11)} -> META | C4: {=_xlfn.XLOOKUP(1,(Firm_Info!$D$2:$D$11=$A4)*(Firm_Info!$C$2:$C$11="Control"),Firm_Info!$A$2:$A$11)} -> AMZN | D4: {=_xlfn.LET(_xlpm.c,ISNUMBER(Panel_Data!$D$2:$D$6865)*(Panel_Data!$F$2:$F$6865=$A4),_xlpm.arr,LINEST(_xlfn._xlws.FILTER(Panel_Data!$D$2:$D$6865,_xlpm.c),_xlfn._xlws.FILTER(_xlfn.HSTACK(Panel_Data!$G$2:$G$6865,Panel_Data!$E$2:$E$6865,Panel_Data!$H$2:$H$6865),_xlpm.c),TRUE,TRUE),INDEX(_xlpm.arr,1,1))} -> -0.0011882038 | E4: {=_xlfn.LET(_xlpm.c,ISNUMBER(Panel_Data!$D$2:$D$6865)*(Panel_Data!$F$2:$F$6865=$A4),_xlpm.arr,LINEST(_xlfn._xlws.FILTER(Panel_Data!$D$2:$D$6865,_xlpm.c),_xlfn._xlws.FILTER(_xlfn.HSTACK(Panel_Data!$G$2:$G$6865,Panel_Data!$E$2:$E$6865,Panel_Data!$H$2:$H$6865),_xlpm.c),TRUE,TRUE),INDEX(_xlpm.arr,2,1))} -> 0.002586332 | F4: =D4/E4 -> -0.45941657 | G4: =_xlfn.T.DIST.2T(ABS(F4),H4-4) -> 0.64601545 | H4: {=_xlfn.LET(_xlpm.c,ISNUMBER(Panel_Data!$D$2:$D$6865)*(Panel_Data!$F$2:$F$6865=$A4),_xlpm.arr,LINEST(_xlfn._xlws.FILTER(Panel_Data!$D$2:$D$6865,_xlpm.c),_xlfn._xlws.FILTER(_xlfn.HSTACK(Panel_Data!$G$2:$G$6865,Panel_Data!$E$2:$E$6865,Panel_Data!$H$2:$H$6865),_xlpm.c),TRUE,TRUE),INDEX(_xlpm.arr,4,2)+4)} -> 1246
A5: 2 | B5: {=_xlfn.XLOOKUP(1,(Firm_Info!$D$2:$D$11=$A5)*(Firm_Info!$C$2:$C$11="Treated"),Firm_Info!$A$2:$A$11)} -> GOOGL | C5: {=_xlfn.XLOOKUP(1,(Firm_Info!$D$2:$D$11=$A5)*(Firm_Info!$C$2:$C$11="Control"),Firm_Info!$A$2:$A$11)} -> ADBE | D5: {=_xlfn.LET(_xlpm.c,ISNUMBER(Panel_Data!$D$2:$D$6865)*(Panel_Data!$F$2:$F$6865=$A5),_xlpm.arr,LINEST(_xlfn._xlws.FILTER(Panel_Data!$D$2:$D$6865,_xlpm.c),_xlfn._xlws.FILTER(_xlfn.HSTACK(Panel_Data!$G$2:$G$6865,Panel_Data!$E$2:$E$6865,Panel_Data!$H$2:$H$6865),_xlpm.c),TRUE,TRUE),INDEX(_xlpm.arr,1,1))} -> 0.00035844331 | E5: {=_xlfn.LET(_xlpm.c,ISNUMBER(Panel_Data!$D$2:$D$6865)*(Panel_Data!$F$2:$F$6865=$A5),_xlpm.arr,LINEST(_xlfn._xlws.FILTER(Panel_Data!$D$2:$D$6865,_xlpm.c),_xlfn._xlws.FILTER(_xlfn.HSTACK(Panel_Data!$G$2:$G$6865,Panel_Data!$E$2:$E$6865,Panel_Data!$H$2:$H$6865),_xlpm.c),TRUE,TRUE),INDEX(_xlpm.arr,2,1))} -> 0.0023321581 | F5: =D5/E5 -> 0.15369597 | G5: =_xlfn.T.DIST.2T(ABS(F5),H5-4) -> 0.87787443 | H5: {=_xlfn.LET(_xlpm.c,ISNUMBER(Panel_Data!$D$2:$D$6865)*(Panel_Data!$F$2:$F$6865=$A5),_xlpm.arr,LINEST(_xlfn._xlws.FILTER(Panel_Data!$D$2:$D$6865,_xlpm.c),_xlfn._xlws.FILTER(_xlfn.HSTACK(Panel_Data!$G$2:$G$6865,Panel_Data!$E$2:$E$6865,Panel_Data!$H$2:$H$6865),_xlpm.c),TRUE,TRUE),INDEX(_xlpm.arr,4,2)+4)} -> 1246
A6: 3 | B6: {=_xlfn.XLOOKUP(1,(Firm_Info!$D$2:$D$11=$A6)*(Firm_Info!$C$2:$C$11="Treated"),Firm_Info!$A$2:$A$11)} -> CRM | C6: {=_xlfn.XLOOKUP(1,(Firm_Info!$D$2:$D$11=$A6)*(Firm_Info!$C$2:$C$11="Control"),Firm_Info!$A$2:$A$11)} -> NOW | D6: {=_xlfn.LET(_xlpm.c,ISNUMBER(Panel_Data!$D$2:$D$6865)*(Panel_Data!$F$2:$F$6865=$A6),_xlpm.arr,LINEST(_xlfn._xlws.FILTER(Panel_Data!$D$2:$D$6865,_xlpm.c),_xlfn._xlws.FILTER(_xlfn.HSTACK(Panel_Data!$G$2:$G$6865,Panel_Data!$E$2:$E$6865,Panel_Data!$H$2:$H$6865),_xlpm.c),TRUE,TRUE),INDEX(_xlpm.arr,1,1))} -> -0.00156344 | E6: {=_xlfn.LET(_xlpm.c,ISNUMBER(Panel_Data!$D$2:$D$6865)*(Panel_Data!$F$2:$F$6865=$A6),_xlpm.arr,LINEST(_xlfn._xlws.FILTER(Panel_Data!$D$2:$D$6865,_xlpm.c),_xlfn._xlws.FILTER(_xlfn.HSTACK(Panel_Data!$G$2:$G$6865,Panel_Data!$E$2:$E$6865,Panel_Data!$H$2:$H$6865),_xlpm.c),TRUE,TRUE),INDEX(_xlpm.arr,2,1))} -> 0.002487432 | F6: =D6/E6 -> -0.6285358 | G6: =_xlfn.T.DIST.2T(ABS(F6),H6-4) -> 0.52976857 | H6: {=_xlfn.LET(_xlpm.c,ISNUMBER(Panel_Data!$D$2:$D$6865)*(Panel_Data!$F$2:$F$6865=$A6),_xlpm.arr,LINEST(_xlfn._xlws.FILTER(Panel_Data!$D$2:$D$6865,_xlpm.c),_xlfn._xlws.FILTER(_xlfn.HSTACK(Panel_Data!$G$2:$G$6865,Panel_Data!$E$2:$E$6865,Panel_Data!$H$2:$H$6865),_xlpm.c),TRUE,TRUE),INDEX(_xlpm.arr,4,2)+4)} -> 1246
A7: 4 | B7: {=_xlfn.XLOOKUP(1,(Firm_Info!$D$2:$D$11=$A7)*(Firm_Info!$C$2:$C$11="Treated"),Firm_Info!$A$2:$A$11)} -> BKNG | C7: {=_xlfn.XLOOKUP(1,(Firm_Info!$D$2:$D$11=$A7)*(Firm_Info!$C$2:$C$11="Control"),Firm_Info!$A$2:$A$11)} -> ABNB | D7: {=_xlfn.LET(_xlpm.c,ISNUMBER(Panel_Data!$D$2:$D$6865)*(Panel_Data!$F$2:$F$6865=$A7),_xlpm.arr,LINEST(_xlfn._xlws.FILTER(Panel_Data!$D$2:$D$6865,_xlpm.c),_xlfn._xlws.FILTER(_xlfn.HSTACK(Panel_Data!$G$2:$G$6865,Panel_Data!$E$2:$E$6865,Panel_Data!$H$2:$H$6865),_xlpm.c),TRUE,TRUE),INDEX(_xlpm.arr,1,1))} -> 0.0016153784 | E7: {=_xlfn.LET(_xlpm.c,ISNUMBER(Panel_Data!$D$2:$D$6865)*(Panel_Data!$F$2:$F$6865=$A7),_xlpm.arr,LINEST(_xlfn._xlws.FILTER(Panel_Data!$D$2:$D$6865,_xlpm.c),_xlfn._xlws.FILTER(_xlfn.HSTACK(Panel_Data!$G$2:$G$6865,Panel_Data!$E$2:$E$6865,Panel_Data!$H$2:$H$6865),_xlpm.c),TRUE,TRUE),INDEX(_xlpm.arr,2,1))} -> 0.002447255 | F7: =D7/E7 -> 0.66007765 | G7: =_xlfn.T.DIST.2T(ABS(F7),H7-4) -> 0.50932639 | H7: {=_xlfn.LET(_xlpm.c,ISNUMBER(Panel_Data!$D$2:$D$6865)*(Panel_Data!$F$2:$F$6865=$A7),_xlpm.arr,LINEST(_xlfn._xlws.FILTER(Panel_Data!$D$2:$D$6865,_xlpm.c),_xlfn._xlws.FILTER(_xlfn.HSTACK(Panel_Data!$G$2:$G$6865,Panel_Data!$E$2:$E$6865,Panel_Data!$H$2:$H$6865),_xlpm.c),TRUE,TRUE),INDEX(_xlpm.arr,4,2)+4)} -> 1246
A8: 5 | B8: {=_xlfn.XLOOKUP(1,(Firm_Info!$D$2:$D$11=$A8)*(Firm_Info!$C$2:$C$11="Treated"),Firm_Info!$A$2:$A$11)} -> TMUS | C8: {=_xlfn.XLOOKUP(1,(Firm_Info!$D$2:$D$11=$A8)*(Firm_Info!$C$2:$C$11="Control"),Firm_Info!$A$2:$A$11)} -> CHTR | D8: {=_xlfn.LET(_xlpm.c,ISNUMBER(Panel_Data!$D$2:$D$6865)*(Panel_Data!$F$2:$F$6865=$A8),_xlpm.arr,LINEST(_xlfn._xlws.FILTER(Panel_Data!$D$2:$D$6865,_xlpm.c),_xlfn._xlws.FILTER(_xlfn.HSTACK(Panel_Data!$G$2:$G$6865,Panel_Data!$E$2:$E$6865,Panel_Data!$H$2:$H$6865),_xlpm.c),TRUE,TRUE),INDEX(_xlpm.arr,1,1))} -> 0.0022894567 | E8: {=_xlfn.LET(_xlpm.c,ISNUMBER(Panel_Data!$D$2:$D$6865)*(Panel_Data!$F$2:$F$6865=$A8),_xlpm.arr,LINEST(_xlfn._xlws.FILTER(Panel_Data!$D$2:$D$6865,_xlpm.c),_xlfn._xlws.FILTER(_xlfn.HSTACK(Panel_Data!$G$2:$G$6865,Panel_Data!$E$2:$E$6865,Panel_Data!$H$2:$H$6865),_xlpm.c),TRUE,TRUE),INDEX(_xlpm.arr,2,1))} -> 0.0024163604 | F8: =D8/E8 -> 0.94748146 | G8: =_xlfn.T.DIST.2T(ABS(F8),H8-4) -> 0.3435778 | H8: {=_xlfn.LET(_xlpm.c,ISNUMBER(Panel_Data!$D$2:$D$6865)*(Panel_Data!$F$2:$F$6865=$A8),_xlpm.arr,LINEST(_xlfn._xlws.FILTER(Panel_Data!$D$2:$D$6865,_xlpm.c),_xlfn._xlws.FILTER(_xlfn.HSTACK(Panel_Data!$G$2:$G$6865,Panel_Data!$E$2:$E$6865,Panel_Data!$H$2:$H$6865),_xlpm.c),TRUE,TRUE),INDEX(_xlpm.arr,4,2)+4)} -> 1246
A10: =IF(MIN(G4:G8)<0.05,"FLAG: Pair "&INDEX(A4:A8,MATCH(MIN(G4:G8),G4:G8,0))&" ("&INDEX(B4:B8,MATCH(MIN(G4:G8),G4:G8,0))&"/"&INDEX(C4:C8,MATCH(MIN(G4:G8),G4:G8,0))&") shows a SIGNIFICANT DiD effect (p="&TEXT(MIN(G4:G8),"0.000")&") despite the insignificant pooled result — averaging across pairs may have masked a real pair-level effect.","No individual pair shows a significant DiD effect (all p ≥ 0.05; lowest p = "&TEXT(MIN(G4:G8),"0.000")&" for the "&INDEX(B4:B8,MATCH(MIN(G4:G8),G4:G8,0))&"/"&INDEX(C4:C8,MATCH(MIN(G4:G8),G4:G8,0))&" pair). The pooled null is not driven by averaging — no single pair hides a real effect.") -> No individual pair shows a significant DiD effect (all p ≥ 0.05; lowest p = 0.344 for the TMUS/CHTR pair). The pooled null is not driven by averaging — no single pair hides a real effect.
